[  161581ms] [INFO] %cDownload the React DevTools for a better development experience: https://react.dev/link/react-devtools font-weight:bold @ webpack-internal:///(app-pages-browser)/./node_modules/next/dist/compiled/react-dom/cjs/react-dom-client.development.js:25630
[  162360ms] [WARNING] %c%s%c background: #e6e6e6;background: light-dark(rgba(0,0,0,0.1), rgba(255,255,255,0.25));color: #000000;color: light-dark(#000000, #ffffff);border-radius: 2px  Server   Error: Route "/dashboard/boards/mobile-strategic-profile" used `searchParams.state`. `searchParams` should be awaited before using its properties. Learn more: https://nextjs.org/docs/messages/sync-dynamic-apis
    at MobileStrategicProfilePage (about://React/Server/webpack-internal:///(rsc)/./src/app/dashboard/boards/mobile-strategic-profile/page.tsx?24:373:43)
    at resolveErrorDev (webpack-internal:///(app-pages-browser)/./node_modules/next/dist/compiled/react-server-dom-webpack/cjs/react-server-dom-webpack-client.browser.development.js:2396:46)
    at getOutlinedModel (webpack-internal:///(app-pages-browser)/./node_modules/next/dist/compiled/react-server-dom-webpack/cjs/react-server-dom-webpack-client.browser.development.js:1747:22)
    at parseModelString (webpack-internal:///(app-pages-browser)/./node_modules/next/dist/compiled/react-server-dom-webpack/cjs/react-server-dom-webpack-client.browser.development.js:1949:15)
    at Object.eval (webpack-internal:///(app-pages-browser)/./node_modules/next/dist/compiled/react-server-dom-webpack/cjs/react-server-dom-webpack-client.browser.development.js:3056:20)
    at JSON.parse (<anonymous>)
    at initializeModelChunk (webpack-internal:///(app-pages-browser)/./node_modules/next/dist/compiled/react-server-dom-webpack/cjs/react-server-dom-webpack-client.browser.development.js:1273:26)
    at getOutlinedModel (webpack-internal:///(app-pages-browser)/./node_modules/next/dist/compiled/react-server-dom-webpack/cjs/react-server-dom-webpack-client.browser.development.js:1682:11)
    at parseModelString (webpack-internal:///(app-pages-browser)/./node_modules/next/dist/compiled/react-server-dom-webpack/cjs/react-server-dom-webpack-client.browser.development.js:2043:15)
    at Array.eval (webpack-internal:///(app-pages-browser)/./node_modules/next/dist/compiled/react-server-dom-webpack/cjs/react-server-dom-webpack-client.browser.development.js:3056:20)
    at JSON.parse (<anonymous>)
    at initializeModelChunk (webpack-internal:///(app-pages-browser)/./node_modules/next/dist/compiled/react-server-dom-webpack/cjs/react-server-dom-webpack-client.browser.development.js:1273:26)
    at resolveConsoleEntry (webpack-internal:///(app-pages-browser)/./node_modules/next/dist/compiled/react-server-dom-webpack/cjs/react-server-dom-webpack-client.browser.development.js:2683:13)
    at processFullStringRow (webpack-internal:///(app-pages-browser)/./node_modules/next/dist/compiled/react-server-dom-webpack/cjs/react-server-dom-webpack-client.browser.development.js:2923:11)
    at processFullBinaryRow (webpack-internal:///(app-pages-browser)/./node_modules/next/dist/compiled/react-server-dom-webpack/cjs/react-server-dom-webpack-client.browser.development.js:2825:7)
    at processBinaryChunk (webpack-internal:///(app-pages-browser)/./node_modules/next/dist/compiled/react-server-dom-webpack/cjs/react-server-dom-webpack-client.browser.development.js:3028:15)
    at progress (webpack-internal:///(app-pages-browser)/./node_modules/next/dist/compiled/react-server-dom-webpack/cjs/react-server-dom-webpack-client.browser.development.js:3294:13) @ about://React/Server/webpack-internal:///(rsc)/./src/app/dashboard/boards/mobile-strategic-profile/page.tsx?24:372
[  162373ms] [WARNING] %c%s%c background: #e6e6e6;background: light-dark(rgba(0,0,0,0.1), rgba(255,255,255,0.25));color: #000000;color: light-dark(#000000, #ffffff);border-radius: 2px  Server   Error: Route "/dashboard/boards/mobile-strategic-profile" used `searchParams.affiliate`. `searchParams` should be awaited before using its properties. Learn more: https://nextjs.org/docs/messages/sync-dynamic-apis
    at MobileStrategicProfilePage (about://React/Server/webpack-internal:///(rsc)/./src/app/dashboard/boards/mobile-strategic-profile/page.tsx?25:374:46)
    at resolveErrorDev (webpack-internal:///(app-pages-browser)/./node_modules/next/dist/compiled/react-server-dom-webpack/cjs/react-server-dom-webpack-client.browser.development.js:2396:46)
    at getOutlinedModel (webpack-internal:///(app-pages-browser)/./node_modules/next/dist/compiled/react-server-dom-webpack/cjs/react-server-dom-webpack-client.browser.development.js:1747:22)
    at parseModelString (webpack-internal:///(app-pages-browser)/./node_modules/next/dist/compiled/react-server-dom-webpack/cjs/react-server-dom-webpack-client.browser.development.js:1949:15)
    at Object.eval (webpack-internal:///(app-pages-browser)/./node_modules/next/dist/compiled/react-server-dom-webpack/cjs/react-server-dom-webpack-client.browser.development.js:3056:20)
    at JSON.parse (<anonymous>)
    at initializeModelChunk (webpack-internal:///(app-pages-browser)/./node_modules/next/dist/compiled/react-server-dom-webpack/cjs/react-server-dom-webpack-client.browser.development.js:1273:26)
    at getOutlinedModel (webpack-internal:///(app-pages-browser)/./node_modules/next/dist/compiled/react-server-dom-webpack/cjs/react-server-dom-webpack-client.browser.development.js:1682:11)
    at parseModelString (webpack-internal:///(app-pages-browser)/./node_modules/next/dist/compiled/react-server-dom-webpack/cjs/react-server-dom-webpack-client.browser.development.js:2043:15)
    at Array.eval (webpack-internal:///(app-pages-browser)/./node_modules/next/dist/compiled/react-server-dom-webpack/cjs/react-server-dom-webpack-client.browser.development.js:3056:20)
    at JSON.parse (<anonymous>)
    at initializeModelChunk (webpack-internal:///(app-pages-browser)/./node_modules/next/dist/compiled/react-server-dom-webpack/cjs/react-server-dom-webpack-client.browser.development.js:1273:26)
    at resolveConsoleEntry (webpack-internal:///(app-pages-browser)/./node_modules/next/dist/compiled/react-server-dom-webpack/cjs/react-server-dom-webpack-client.browser.development.js:2683:13)
    at processFullStringRow (webpack-internal:///(app-pages-browser)/./node_modules/next/dist/compiled/react-server-dom-webpack/cjs/react-server-dom-webpack-client.browser.development.js:2923:11)
    at processFullBinaryRow (webpack-internal:///(app-pages-browser)/./node_modules/next/dist/compiled/react-server-dom-webpack/cjs/react-server-dom-webpack-client.browser.development.js:2825:7)
    at processBinaryChunk (webpack-internal:///(app-pages-browser)/./node_modules/next/dist/compiled/react-server-dom-webpack/cjs/react-server-dom-webpack-client.browser.development.js:3028:15)
    at progress (webpack-internal:///(app-pages-browser)/./node_modules/next/dist/compiled/react-server-dom-webpack/cjs/react-server-dom-webpack-client.browser.development.js:3294:13) @ about://React/Server/webpack-internal:///(rsc)/./src/app/dashboard/boards/mobile-strategic-profile/page.tsx?25:373
[  279971ms] [ERROR] Failed to load resource: the server responded with a status of 404 (Not Found) @ http://127.0.0.1:3000/api/analytics/context:0
[  279980ms] [WARNING] [ClientHooksWrapper] analytics context fetch failed Error: analytics_context_fetch_failed_404
    at ClientHooksWrapper.useEffect (webpack-internal:///(app-pages-browser)/./src/app/components/ClientHooksWrapper.tsx:97:44) @ webpack-internal:///(app-pages-browser)/./src/app/components/ClientHooksWrapper.tsx:115
[  282697ms] [ERROR] Failed to load resource: the server responded with a status of 404 (Not Found) @ http://127.0.0.1:3000/_next/static/webpack/5175b181c9065212.webpack.hot-update.json:0
[  287050ms] [WARNING] %c%s%c background: #e6e6e6;background: light-dark(rgba(0,0,0,0.1), rgba(255,255,255,0.25));color: #000000;color: light-dark(#000000, #ffffff);border-radius: 2px  Server   Error: Route "/dashboard/boards/mobile-strategic-profile" used `searchParams.state`. `searchParams` should be awaited before using its properties. Learn more: https://nextjs.org/docs/messages/sync-dynamic-apis
    at MobileStrategicProfilePage (about://React/Server/webpack-internal:///(rsc)/./src/app/dashboard/boards/mobile-strategic-profile/page.tsx?24:373:43)
    at resolveErrorDev (webpack-internal:///(app-pages-browser)/./node_modules/next/dist/compiled/react-server-dom-webpack/cjs/react-server-dom-webpack-client.browser.development.js:2396:46)
    at getOutlinedModel (webpack-internal:///(app-pages-browser)/./node_modules/next/dist/compiled/react-server-dom-webpack/cjs/react-server-dom-webpack-client.browser.development.js:1747:22)
    at parseModelString (webpack-internal:///(app-pages-browser)/./node_modules/next/dist/compiled/react-server-dom-webpack/cjs/react-server-dom-webpack-client.browser.development.js:1949:15)
    at Object.eval (webpack-internal:///(app-pages-browser)/./node_modules/next/dist/compiled/react-server-dom-webpack/cjs/react-server-dom-webpack-client.browser.development.js:3056:20)
    at JSON.parse (<anonymous>)
    at initializeModelChunk (webpack-internal:///(app-pages-browser)/./node_modules/next/dist/compiled/react-server-dom-webpack/cjs/react-server-dom-webpack-client.browser.development.js:1273:26)
    at getOutlinedModel (webpack-internal:///(app-pages-browser)/./node_modules/next/dist/compiled/react-server-dom-webpack/cjs/react-server-dom-webpack-client.browser.development.js:1682:11)
    at parseModelString (webpack-internal:///(app-pages-browser)/./node_modules/next/dist/compiled/react-server-dom-webpack/cjs/react-server-dom-webpack-client.browser.development.js:2043:15)
    at Array.eval (webpack-internal:///(app-pages-browser)/./node_modules/next/dist/compiled/react-server-dom-webpack/cjs/react-server-dom-webpack-client.browser.development.js:3056:20)
    at JSON.parse (<anonymous>)
    at initializeModelChunk (webpack-internal:///(app-pages-browser)/./node_modules/next/dist/compiled/react-server-dom-webpack/cjs/react-server-dom-webpack-client.browser.development.js:1273:26)
    at resolveConsoleEntry (webpack-internal:///(app-pages-browser)/./node_modules/next/dist/compiled/react-server-dom-webpack/cjs/react-server-dom-webpack-client.browser.development.js:2683:13)
    at processFullStringRow (webpack-internal:///(app-pages-browser)/./node_modules/next/dist/compiled/react-server-dom-webpack/cjs/react-server-dom-webpack-client.browser.development.js:2923:11)
    at processFullBinaryRow (webpack-internal:///(app-pages-browser)/./node_modules/next/dist/compiled/react-server-dom-webpack/cjs/react-server-dom-webpack-client.browser.development.js:2825:7)
    at processBinaryChunk (webpack-internal:///(app-pages-browser)/./node_modules/next/dist/compiled/react-server-dom-webpack/cjs/react-server-dom-webpack-client.browser.development.js:3028:15)
    at progress (webpack-internal:///(app-pages-browser)/./node_modules/next/dist/compiled/react-server-dom-webpack/cjs/react-server-dom-webpack-client.browser.development.js:3294:13) @ about://React/Server/webpack-internal:///(rsc)/./src/app/dashboard/boards/mobile-strategic-profile/page.tsx?24:372
[  287054ms] [WARNING] %c%s%c background: #e6e6e6;background: light-dark(rgba(0,0,0,0.1), rgba(255,255,255,0.25));color: #000000;color: light-dark(#000000, #ffffff);border-radius: 2px  Server   Error: Route "/dashboard/boards/mobile-strategic-profile" used `searchParams.affiliate`. `searchParams` should be awaited before using its properties. Learn more: https://nextjs.org/docs/messages/sync-dynamic-apis
    at MobileStrategicProfilePage (about://React/Server/webpack-internal:///(rsc)/./src/app/dashboard/boards/mobile-strategic-profile/page.tsx?25:374:46)
    at resolveErrorDev (webpack-internal:///(app-pages-browser)/./node_modules/next/dist/compiled/react-server-dom-webpack/cjs/react-server-dom-webpack-client.browser.development.js:2396:46)
    at getOutlinedModel (webpack-internal:///(app-pages-browser)/./node_modules/next/dist/compiled/react-server-dom-webpack/cjs/react-server-dom-webpack-client.browser.development.js:1747:22)
    at parseModelString (webpack-internal:///(app-pages-browser)/./node_modules/next/dist/compiled/react-server-dom-webpack/cjs/react-server-dom-webpack-client.browser.development.js:1949:15)
    at Object.eval (webpack-internal:///(app-pages-browser)/./node_modules/next/dist/compiled/react-server-dom-webpack/cjs/react-server-dom-webpack-client.browser.development.js:3056:20)
    at JSON.parse (<anonymous>)
    at initializeModelChunk (webpack-internal:///(app-pages-browser)/./node_modules/next/dist/compiled/react-server-dom-webpack/cjs/react-server-dom-webpack-client.browser.development.js:1273:26)
    at getOutlinedModel (webpack-internal:///(app-pages-browser)/./node_modules/next/dist/compiled/react-server-dom-webpack/cjs/react-server-dom-webpack-client.browser.development.js:1682:11)
    at parseModelString (webpack-internal:///(app-pages-browser)/./node_modules/next/dist/compiled/react-server-dom-webpack/cjs/react-server-dom-webpack-client.browser.development.js:2043:15)
    at Array.eval (webpack-internal:///(app-pages-browser)/./node_modules/next/dist/compiled/react-server-dom-webpack/cjs/react-server-dom-webpack-client.browser.development.js:3056:20)
    at JSON.parse (<anonymous>)
    at initializeModelChunk (webpack-internal:///(app-pages-browser)/./node_modules/next/dist/compiled/react-server-dom-webpack/cjs/react-server-dom-webpack-client.browser.development.js:1273:26)
    at resolveConsoleEntry (webpack-internal:///(app-pages-browser)/./node_modules/next/dist/compiled/react-server-dom-webpack/cjs/react-server-dom-webpack-client.browser.development.js:2683:13)
    at processFullStringRow (webpack-internal:///(app-pages-browser)/./node_modules/next/dist/compiled/react-server-dom-webpack/cjs/react-server-dom-webpack-client.browser.development.js:2923:11)
    at processFullBinaryRow (webpack-internal:///(app-pages-browser)/./node_modules/next/dist/compiled/react-server-dom-webpack/cjs/react-server-dom-webpack-client.browser.development.js:2825:7)
    at processBinaryChunk (webpack-internal:///(app-pages-browser)/./node_modules/next/dist/compiled/react-server-dom-webpack/cjs/react-server-dom-webpack-client.browser.development.js:3028:15)
    at progress (webpack-internal:///(app-pages-browser)/./node_modules/next/dist/compiled/react-server-dom-webpack/cjs/react-server-dom-webpack-client.browser.development.js:3294:13) @ about://React/Server/webpack-internal:///(rsc)/./src/app/dashboard/boards/mobile-strategic-profile/page.tsx?25:373
[  296474ms] [INFO] %cDownload the React DevTools for a better development experience: https://react.dev/link/react-devtools font-weight:bold @ webpack-internal:///(app-pages-browser)/./node_modules/next/dist/compiled/react-dom/cjs/react-dom-client.development.js:25630
[  296733ms] [WARNING] %c%s%c background: #e6e6e6;background: light-dark(rgba(0,0,0,0.1), rgba(255,255,255,0.25));color: #000000;color: light-dark(#000000, #ffffff);border-radius: 2px  Server   Error: Route "/dashboard/boards/mobile-strategic-profile" used `searchParams.state`. `searchParams` should be awaited before using its properties. Learn more: https://nextjs.org/docs/messages/sync-dynamic-apis
    at MobileStrategicProfilePage (about://React/Server/webpack-internal:///(rsc)/./src/app/dashboard/boards/mobile-strategic-profile/page.tsx?26:373:43)
    at resolveErrorDev (webpack-internal:///(app-pages-browser)/./node_modules/next/dist/compiled/react-server-dom-webpack/cjs/react-server-dom-webpack-client.browser.development.js:2396:46)
    at getOutlinedModel (webpack-internal:///(app-pages-browser)/./node_modules/next/dist/compiled/react-server-dom-webpack/cjs/react-server-dom-webpack-client.browser.development.js:1747:22)
    at parseModelString (webpack-internal:///(app-pages-browser)/./node_modules/next/dist/compiled/react-server-dom-webpack/cjs/react-server-dom-webpack-client.browser.development.js:1949:15)
    at Object.eval (webpack-internal:///(app-pages-browser)/./node_modules/next/dist/compiled/react-server-dom-webpack/cjs/react-server-dom-webpack-client.browser.development.js:3056:20)
    at JSON.parse (<anonymous>)
    at initializeModelChunk (webpack-internal:///(app-pages-browser)/./node_modules/next/dist/compiled/react-server-dom-webpack/cjs/react-server-dom-webpack-client.browser.development.js:1273:26)
    at getOutlinedModel (webpack-internal:///(app-pages-browser)/./node_modules/next/dist/compiled/react-server-dom-webpack/cjs/react-server-dom-webpack-client.browser.development.js:1682:11)
    at parseModelString (webpack-internal:///(app-pages-browser)/./node_modules/next/dist/compiled/react-server-dom-webpack/cjs/react-server-dom-webpack-client.browser.development.js:2043:15)
    at Array.eval (webpack-internal:///(app-pages-browser)/./node_modules/next/dist/compiled/react-server-dom-webpack/cjs/react-server-dom-webpack-client.browser.development.js:3056:20)
    at JSON.parse (<anonymous>)
    at initializeModelChunk (webpack-internal:///(app-pages-browser)/./node_modules/next/dist/compiled/react-server-dom-webpack/cjs/react-server-dom-webpack-client.browser.development.js:1273:26)
    at resolveConsoleEntry (webpack-internal:///(app-pages-browser)/./node_modules/next/dist/compiled/react-server-dom-webpack/cjs/react-server-dom-webpack-client.browser.development.js:2683:13)
    at processFullStringRow (webpack-internal:///(app-pages-browser)/./node_modules/next/dist/compiled/react-server-dom-webpack/cjs/react-server-dom-webpack-client.browser.development.js:2923:11)
    at processFullBinaryRow (webpack-internal:///(app-pages-browser)/./node_modules/next/dist/compiled/react-server-dom-webpack/cjs/react-server-dom-webpack-client.browser.development.js:2825:7)
    at processBinaryChunk (webpack-internal:///(app-pages-browser)/./node_modules/next/dist/compiled/react-server-dom-webpack/cjs/react-server-dom-webpack-client.browser.development.js:3028:15)
    at progress (webpack-internal:///(app-pages-browser)/./node_modules/next/dist/compiled/react-server-dom-webpack/cjs/react-server-dom-webpack-client.browser.development.js:3294:13) @ about://React/Server/webpack-internal:///(rsc)/./src/app/dashboard/boards/mobile-strategic-profile/page.tsx?26:372
[  296737ms] [WARNING] %c%s%c background: #e6e6e6;background: light-dark(rgba(0,0,0,0.1), rgba(255,255,255,0.25));color: #000000;color: light-dark(#000000, #ffffff);border-radius: 2px  Server   Error: Route "/dashboard/boards/mobile-strategic-profile" used `searchParams.affiliate`. `searchParams` should be awaited before using its properties. Learn more: https://nextjs.org/docs/messages/sync-dynamic-apis
    at MobileStrategicProfilePage (about://React/Server/webpack-internal:///(rsc)/./src/app/dashboard/boards/mobile-strategic-profile/page.tsx?27:374:46)
    at resolveErrorDev (webpack-internal:///(app-pages-browser)/./node_modules/next/dist/compiled/react-server-dom-webpack/cjs/react-server-dom-webpack-client.browser.development.js:2396:46)
    at getOutlinedModel (webpack-internal:///(app-pages-browser)/./node_modules/next/dist/compiled/react-server-dom-webpack/cjs/react-server-dom-webpack-client.browser.development.js:1747:22)
    at parseModelString (webpack-internal:///(app-pages-browser)/./node_modules/next/dist/compiled/react-server-dom-webpack/cjs/react-server-dom-webpack-client.browser.development.js:1949:15)
    at Object.eval (webpack-internal:///(app-pages-browser)/./node_modules/next/dist/compiled/react-server-dom-webpack/cjs/react-server-dom-webpack-client.browser.development.js:3056:20)
    at JSON.parse (<anonymous>)
    at initializeModelChunk (webpack-internal:///(app-pages-browser)/./node_modules/next/dist/compiled/react-server-dom-webpack/cjs/react-server-dom-webpack-client.browser.development.js:1273:26)
    at getOutlinedModel (webpack-internal:///(app-pages-browser)/./node_modules/next/dist/compiled/react-server-dom-webpack/cjs/react-server-dom-webpack-client.browser.development.js:1682:11)
    at parseModelString (webpack-internal:///(app-pages-browser)/./node_modules/next/dist/compiled/react-server-dom-webpack/cjs/react-server-dom-webpack-client.browser.development.js:2043:15)
    at Array.eval (webpack-internal:///(app-pages-browser)/./node_modules/next/dist/compiled/react-server-dom-webpack/cjs/react-server-dom-webpack-client.browser.development.js:3056:20)
    at JSON.parse (<anonymous>)
    at initializeModelChunk (webpack-internal:///(app-pages-browser)/./node_modules/next/dist/compiled/react-server-dom-webpack/cjs/react-server-dom-webpack-client.browser.development.js:1273:26)
    at resolveConsoleEntry (webpack-internal:///(app-pages-browser)/./node_modules/next/dist/compiled/react-server-dom-webpack/cjs/react-server-dom-webpack-client.browser.development.js:2683:13)
    at processFullStringRow (webpack-internal:///(app-pages-browser)/./node_modules/next/dist/compiled/react-server-dom-webpack/cjs/react-server-dom-webpack-client.browser.development.js:2923:11)
    at processFullBinaryRow (webpack-internal:///(app-pages-browser)/./node_modules/next/dist/compiled/react-server-dom-webpack/cjs/react-server-dom-webpack-client.browser.development.js:2825:7)
    at processBinaryChunk (webpack-internal:///(app-pages-browser)/./node_modules/next/dist/compiled/react-server-dom-webpack/cjs/react-server-dom-webpack-client.browser.development.js:3028:15)
    at progress (webpack-internal:///(app-pages-browser)/./node_modules/next/dist/compiled/react-server-dom-webpack/cjs/react-server-dom-webpack-client.browser.development.js:3294:13) @ about://React/Server/webpack-internal:///(rsc)/./src/app/dashboard/boards/mobile-strategic-profile/page.tsx?27:373
[  304869ms] [ERROR] Failed to load resource: the server responded with a status of 404 (Not Found) @ http://127.0.0.1:3000/api/analytics/context:0
[  304871ms] [WARNING] [ClientHooksWrapper] analytics context fetch failed Error: analytics_context_fetch_failed_404
    at ClientHooksWrapper.useEffect (webpack-internal:///(app-pages-browser)/./src/app/components/ClientHooksWrapper.tsx:97:44) @ webpack-internal:///(app-pages-browser)/./src/app/components/ClientHooksWrapper.tsx:115
[  585050ms] [LOG] [Fast Refresh] rebuilding @ webpack-internal:///(app-pages-browser)/./node_modules/next/dist/client/dev/hot-reloader/app/hot-reloader-app.js:196
[  593227ms] [LOG] [Fast Refresh] done in 8189ms @ webpack-internal:///(app-pages-browser)/./node_modules/next/dist/client/dev/report-hmr-latency.js:13
[  596258ms] [WARNING] %c%s%c background: #e6e6e6;background: light-dark(rgba(0,0,0,0.1), rgba(255,255,255,0.25));color: #000000;color: light-dark(#000000, #ffffff);border-radius: 2px  Server   Error: Route "/dashboard/boards/mobile-strategic-profile" used `searchParams.state`. `searchParams` should be awaited before using its properties. Learn more: https://nextjs.org/docs/messages/sync-dynamic-apis
    at MobileStrategicProfilePage (about://React/Server/webpack-internal:///(rsc)/./src/app/dashboard/boards/mobile-strategic-profile/page.tsx?26:373:43)
    at resolveErrorDev (webpack-internal:///(app-pages-browser)/./node_modules/next/dist/compiled/react-server-dom-webpack/cjs/react-server-dom-webpack-client.browser.development.js:2396:46)
    at getOutlinedModel (webpack-internal:///(app-pages-browser)/./node_modules/next/dist/compiled/react-server-dom-webpack/cjs/react-server-dom-webpack-client.browser.development.js:1747:22)
    at parseModelString (webpack-internal:///(app-pages-browser)/./node_modules/next/dist/compiled/react-server-dom-webpack/cjs/react-server-dom-webpack-client.browser.development.js:1949:15)
    at Object.eval (webpack-internal:///(app-pages-browser)/./node_modules/next/dist/compiled/react-server-dom-webpack/cjs/react-server-dom-webpack-client.browser.development.js:3056:20)
    at JSON.parse (<anonymous>)
    at initializeModelChunk (webpack-internal:///(app-pages-browser)/./node_modules/next/dist/compiled/react-server-dom-webpack/cjs/react-server-dom-webpack-client.browser.development.js:1273:26)
    at getOutlinedModel (webpack-internal:///(app-pages-browser)/./node_modules/next/dist/compiled/react-server-dom-webpack/cjs/react-server-dom-webpack-client.browser.development.js:1682:11)
    at parseModelString (webpack-internal:///(app-pages-browser)/./node_modules/next/dist/compiled/react-server-dom-webpack/cjs/react-server-dom-webpack-client.browser.development.js:2043:15)
    at Array.eval (webpack-internal:///(app-pages-browser)/./node_modules/next/dist/compiled/react-server-dom-webpack/cjs/react-server-dom-webpack-client.browser.development.js:3056:20)
    at JSON.parse (<anonymous>)
    at initializeModelChunk (webpack-internal:///(app-pages-browser)/./node_modules/next/dist/compiled/react-server-dom-webpack/cjs/react-server-dom-webpack-client.browser.development.js:1273:26)
    at resolveConsoleEntry (webpack-internal:///(app-pages-browser)/./node_modules/next/dist/compiled/react-server-dom-webpack/cjs/react-server-dom-webpack-client.browser.development.js:2683:13)
    at processFullStringRow (webpack-internal:///(app-pages-browser)/./node_modules/next/dist/compiled/react-server-dom-webpack/cjs/react-server-dom-webpack-client.browser.development.js:2923:11)
    at processFullBinaryRow (webpack-internal:///(app-pages-browser)/./node_modules/next/dist/compiled/react-server-dom-webpack/cjs/react-server-dom-webpack-client.browser.development.js:2825:7)
    at processBinaryChunk (webpack-internal:///(app-pages-browser)/./node_modules/next/dist/compiled/react-server-dom-webpack/cjs/react-server-dom-webpack-client.browser.development.js:3028:15)
    at progress (webpack-internal:///(app-pages-browser)/./node_modules/next/dist/compiled/react-server-dom-webpack/cjs/react-server-dom-webpack-client.browser.development.js:3294:13) @ about://React/Server/webpack-internal:///(rsc)/./src/app/dashboard/boards/mobile-strategic-profile/page.tsx?26:372
[  596260ms] [WARNING] %c%s%c background: #e6e6e6;background: light-dark(rgba(0,0,0,0.1), rgba(255,255,255,0.25));color: #000000;color: light-dark(#000000, #ffffff);border-radius: 2px  Server   Error: Route "/dashboard/boards/mobile-strategic-profile" used `searchParams.affiliate`. `searchParams` should be awaited before using its properties. Learn more: https://nextjs.org/docs/messages/sync-dynamic-apis
    at MobileStrategicProfilePage (about://React/Server/webpack-internal:///(rsc)/./src/app/dashboard/boards/mobile-strategic-profile/page.tsx?27:374:46)
    at resolveErrorDev (webpack-internal:///(app-pages-browser)/./node_modules/next/dist/compiled/react-server-dom-webpack/cjs/react-server-dom-webpack-client.browser.development.js:2396:46)
    at getOutlinedModel (webpack-internal:///(app-pages-browser)/./node_modules/next/dist/compiled/react-server-dom-webpack/cjs/react-server-dom-webpack-client.browser.development.js:1747:22)
    at parseModelString (webpack-internal:///(app-pages-browser)/./node_modules/next/dist/compiled/react-server-dom-webpack/cjs/react-server-dom-webpack-client.browser.development.js:1949:15)
    at Object.eval (webpack-internal:///(app-pages-browser)/./node_modules/next/dist/compiled/react-server-dom-webpack/cjs/react-server-dom-webpack-client.browser.development.js:3056:20)
    at JSON.parse (<anonymous>)
    at initializeModelChunk (webpack-internal:///(app-pages-browser)/./node_modules/next/dist/compiled/react-server-dom-webpack/cjs/react-server-dom-webpack-client.browser.development.js:1273:26)
    at getOutlinedModel (webpack-internal:///(app-pages-browser)/./node_modules/next/dist/compiled/react-server-dom-webpack/cjs/react-server-dom-webpack-client.browser.development.js:1682:11)
    at parseModelString (webpack-internal:///(app-pages-browser)/./node_modules/next/dist/compiled/react-server-dom-webpack/cjs/react-server-dom-webpack-client.browser.development.js:2043:15)
    at Array.eval (webpack-internal:///(app-pages-browser)/./node_modules/next/dist/compiled/react-server-dom-webpack/cjs/react-server-dom-webpack-client.browser.development.js:3056:20)
    at JSON.parse (<anonymous>)
    at initializeModelChunk (webpack-internal:///(app-pages-browser)/./node_modules/next/dist/compiled/react-server-dom-webpack/cjs/react-server-dom-webpack-client.browser.development.js:1273:26)
    at resolveConsoleEntry (webpack-internal:///(app-pages-browser)/./node_modules/next/dist/compiled/react-server-dom-webpack/cjs/react-server-dom-webpack-client.browser.development.js:2683:13)
    at processFullStringRow (webpack-internal:///(app-pages-browser)/./node_modules/next/dist/compiled/react-server-dom-webpack/cjs/react-server-dom-webpack-client.browser.development.js:2923:11)
    at processFullBinaryRow (webpack-internal:///(app-pages-browser)/./node_modules/next/dist/compiled/react-server-dom-webpack/cjs/react-server-dom-webpack-client.browser.development.js:2825:7)
    at processBinaryChunk (webpack-internal:///(app-pages-browser)/./node_modules/next/dist/compiled/react-server-dom-webpack/cjs/react-server-dom-webpack-client.browser.development.js:3028:15)
    at progress (webpack-internal:///(app-pages-browser)/./node_modules/next/dist/compiled/react-server-dom-webpack/cjs/react-server-dom-webpack-client.browser.development.js:3294:13) @ about://React/Server/webpack-internal:///(rsc)/./src/app/dashboard/boards/mobile-strategic-profile/page.tsx?27:373
[  676543ms] [LOG] [Fast Refresh] rebuilding @ webpack-internal:///(app-pages-browser)/./node_modules/next/dist/client/dev/hot-reloader/app/hot-reloader-app.js:196
[  688634ms] [LOG] [Fast Refresh] rebuilding @ webpack-internal:///(app-pages-browser)/./node_modules/next/dist/client/dev/hot-reloader/app/hot-reloader-app.js:196
[  689329ms] [LOG] [Fast Refresh] done in 695ms @ webpack-internal:///(app-pages-browser)/./node_modules/next/dist/client/dev/report-hmr-latency.js:13
[  693120ms] [LOG] [Fast Refresh] done in 4486ms @ webpack-internal:///(app-pages-browser)/./node_modules/next/dist/client/dev/report-hmr-latency.js:13
[  700339ms] [WARNING] %c%s%c background: #e6e6e6;background: light-dark(rgba(0,0,0,0.1), rgba(255,255,255,0.25));color: #000000;color: light-dark(#000000, #ffffff);border-radius: 2px  Server   Error: Route "/dashboard/boards/mobile-strategic-profile" used `searchParams.state`. `searchParams` should be awaited before using its properties. Learn more: https://nextjs.org/docs/messages/sync-dynamic-apis
    at MobileStrategicProfilePage (about://React/Server/webpack-internal:///(rsc)/./src/app/dashboard/boards/mobile-strategic-profile/page.tsx?26:373:43)
    at resolveErrorDev (webpack-internal:///(app-pages-browser)/./node_modules/next/dist/compiled/react-server-dom-webpack/cjs/react-server-dom-webpack-client.browser.development.js:2396:46)
    at getOutlinedModel (webpack-internal:///(app-pages-browser)/./node_modules/next/dist/compiled/react-server-dom-webpack/cjs/react-server-dom-webpack-client.browser.development.js:1747:22)
    at parseModelString (webpack-internal:///(app-pages-browser)/./node_modules/next/dist/compiled/react-server-dom-webpack/cjs/react-server-dom-webpack-client.browser.development.js:1949:15)
    at Object.eval (webpack-internal:///(app-pages-browser)/./node_modules/next/dist/compiled/react-server-dom-webpack/cjs/react-server-dom-webpack-client.browser.development.js:3056:20)
    at JSON.parse (<anonymous>)
    at initializeModelChunk (webpack-internal:///(app-pages-browser)/./node_modules/next/dist/compiled/react-server-dom-webpack/cjs/react-server-dom-webpack-client.browser.development.js:1273:26)
    at getOutlinedModel (webpack-internal:///(app-pages-browser)/./node_modules/next/dist/compiled/react-server-dom-webpack/cjs/react-server-dom-webpack-client.browser.development.js:1682:11)
    at parseModelString (webpack-internal:///(app-pages-browser)/./node_modules/next/dist/compiled/react-server-dom-webpack/cjs/react-server-dom-webpack-client.browser.development.js:2043:15)
    at Array.eval (webpack-internal:///(app-pages-browser)/./node_modules/next/dist/compiled/react-server-dom-webpack/cjs/react-server-dom-webpack-client.browser.development.js:3056:20)
    at JSON.parse (<anonymous>)
    at initializeModelChunk (webpack-internal:///(app-pages-browser)/./node_modules/next/dist/compiled/react-server-dom-webpack/cjs/react-server-dom-webpack-client.browser.development.js:1273:26)
    at resolveConsoleEntry (webpack-internal:///(app-pages-browser)/./node_modules/next/dist/compiled/react-server-dom-webpack/cjs/react-server-dom-webpack-client.browser.development.js:2683:13)
    at processFullStringRow (webpack-internal:///(app-pages-browser)/./node_modules/next/dist/compiled/react-server-dom-webpack/cjs/react-server-dom-webpack-client.browser.development.js:2923:11)
    at processFullBinaryRow (webpack-internal:///(app-pages-browser)/./node_modules/next/dist/compiled/react-server-dom-webpack/cjs/react-server-dom-webpack-client.browser.development.js:2825:7)
    at processBinaryChunk (webpack-internal:///(app-pages-browser)/./node_modules/next/dist/compiled/react-server-dom-webpack/cjs/react-server-dom-webpack-client.browser.development.js:3028:15)
    at progress (webpack-internal:///(app-pages-browser)/./node_modules/next/dist/compiled/react-server-dom-webpack/cjs/react-server-dom-webpack-client.browser.development.js:3294:13) @ about://React/Server/webpack-internal:///(rsc)/./src/app/dashboard/boards/mobile-strategic-profile/page.tsx?26:372
[  700344ms] [WARNING] %c%s%c background: #e6e6e6;background: light-dark(rgba(0,0,0,0.1), rgba(255,255,255,0.25));color: #000000;color: light-dark(#000000, #ffffff);border-radius: 2px  Server   Error: Route "/dashboard/boards/mobile-strategic-profile" used `searchParams.affiliate`. `searchParams` should be awaited before using its properties. Learn more: https://nextjs.org/docs/messages/sync-dynamic-apis
    at MobileStrategicProfilePage (about://React/Server/webpack-internal:///(rsc)/./src/app/dashboard/boards/mobile-strategic-profile/page.tsx?27:374:46)
    at resolveErrorDev (webpack-internal:///(app-pages-browser)/./node_modules/next/dist/compiled/react-server-dom-webpack/cjs/react-server-dom-webpack-client.browser.development.js:2396:46)
    at getOutlinedModel (webpack-internal:///(app-pages-browser)/./node_modules/next/dist/compiled/react-server-dom-webpack/cjs/react-server-dom-webpack-client.browser.development.js:1747:22)
    at parseModelString (webpack-internal:///(app-pages-browser)/./node_modules/next/dist/compiled/react-server-dom-webpack/cjs/react-server-dom-webpack-client.browser.development.js:1949:15)
    at Object.eval (webpack-internal:///(app-pages-browser)/./node_modules/next/dist/compiled/react-server-dom-webpack/cjs/react-server-dom-webpack-client.browser.development.js:3056:20)
    at JSON.parse (<anonymous>)
    at initializeModelChunk (webpack-internal:///(app-pages-browser)/./node_modules/next/dist/compiled/react-server-dom-webpack/cjs/react-server-dom-webpack-client.browser.development.js:1273:26)
    at getOutlinedModel (webpack-internal:///(app-pages-browser)/./node_modules/next/dist/compiled/react-server-dom-webpack/cjs/react-server-dom-webpack-client.browser.development.js:1682:11)
    at parseModelString (webpack-internal:///(app-pages-browser)/./node_modules/next/dist/compiled/react-server-dom-webpack/cjs/react-server-dom-webpack-client.browser.development.js:2043:15)
    at Array.eval (webpack-internal:///(app-pages-browser)/./node_modules/next/dist/compiled/react-server-dom-webpack/cjs/react-server-dom-webpack-client.browser.development.js:3056:20)
    at JSON.parse (<anonymous>)
    at initializeModelChunk (webpack-internal:///(app-pages-browser)/./node_modules/next/dist/compiled/react-server-dom-webpack/cjs/react-server-dom-webpack-client.browser.development.js:1273:26)
    at resolveConsoleEntry (webpack-internal:///(app-pages-browser)/./node_modules/next/dist/compiled/react-server-dom-webpack/cjs/react-server-dom-webpack-client.browser.development.js:2683:13)
    at processFullStringRow (webpack-internal:///(app-pages-browser)/./node_modules/next/dist/compiled/react-server-dom-webpack/cjs/react-server-dom-webpack-client.browser.development.js:2923:11)
    at processFullBinaryRow (webpack-internal:///(app-pages-browser)/./node_modules/next/dist/compiled/react-server-dom-webpack/cjs/react-server-dom-webpack-client.browser.development.js:2825:7)
    at processBinaryChunk (webpack-internal:///(app-pages-browser)/./node_modules/next/dist/compiled/react-server-dom-webpack/cjs/react-server-dom-webpack-client.browser.development.js:3028:15)
    at progress (webpack-internal:///(app-pages-browser)/./node_modules/next/dist/compiled/react-server-dom-webpack/cjs/react-server-dom-webpack-client.browser.development.js:3294:13) @ about://React/Server/webpack-internal:///(rsc)/./src/app/dashboard/boards/mobile-strategic-profile/page.tsx?27:373
[  770699ms] [LOG] [Fast Refresh] rebuilding @ webpack-internal:///(app-pages-browser)/./node_modules/next/dist/client/dev/hot-reloader/app/hot-reloader-app.js:196
[  804278ms] [LOG] [Fast Refresh] done in 33590ms @ webpack-internal:///(app-pages-browser)/./node_modules/next/dist/client/dev/report-hmr-latency.js:13
[  814744ms] [LOG] [Fast Refresh] rebuilding @ webpack-internal:///(app-pages-browser)/./node_modules/next/dist/client/dev/hot-reloader/app/hot-reloader-app.js:196
[  814991ms] [ERROR] Failed to load resource: the server responded with a status of 404 (Not Found) @ http://127.0.0.1:3000/api/dashboard/notifications/badges?reviewsLimit=50:0
[  816930ms] [ERROR] Failed to load resource: the server responded with a status of 404 (Not Found) @ http://127.0.0.1:3000/_next/static/css/app/layout.css?v=1785789581388:0
[  819932ms] [WARNING] The resource http://127.0.0.1:3000/_next/static/css/app/layout.css?v=1785789581388 was preloaded using link preload but not used within a few seconds from the window's load event. Please make sure it has an appropriate `as` value and it is preloaded intentionally. @ http://127.0.0.1:3000/dashboard/boards/mobile-strategic-profile:0
[  820707ms] [LOG] [Fast Refresh] done in 5966ms @ webpack-internal:///(app-pages-browser)/./node_modules/next/dist/client/dev/report-hmr-latency.js:13
[  823712ms] [WARNING] The resource http://127.0.0.1:3000/_next/static/css/app/layout.css?v=1785789581388 was preloaded using link preload but not used within a few seconds from the window's load event. Please make sure it has an appropriate `as` value and it is preloaded intentionally. @ http://127.0.0.1:3000/dashboard/boards/mobile-strategic-profile:0
[  879433ms] [WARNING] The resource http://127.0.0.1:3000/_next/static/css/app/layout.css?v=1785789581388 was preloaded using link preload but not used within a few seconds from the window's load event. Please make sure it has an appropriate `as` value and it is preloaded intentionally. @ http://127.0.0.1:3000/dashboard/boards/mobile-strategic-profile:0
[  939851ms] [WARNING] The resource http://127.0.0.1:3000/_next/static/css/app/layout.css?v=1785789581388 was preloaded using link preload but not used within a few seconds from the window's load event. Please make sure it has an appropriate `as` value and it is preloaded intentionally. @ http://127.0.0.1:3000/dashboard/boards/mobile-strategic-profile:0
[  999593ms] [ERROR] Failed to load resource: the server responded with a status of 404 (Not Found) @ http://127.0.0.1:3000/api/dashboard/notifications/badges?reviewsLimit=50:0
[ 1002628ms] [WARNING] The resource http://127.0.0.1:3000/_next/static/css/app/layout.css?v=1785789581388 was preloaded using link preload but not used within a few seconds from the window's load event. Please make sure it has an appropriate `as` value and it is preloaded intentionally. @ http://127.0.0.1:3000/dashboard/boards/mobile-strategic-profile:0
[ 1002629ms] [WARNING] The resource http://127.0.0.1:3000/_next/static/css/app/layout.css?v=1785789766466 was preloaded using link preload but not used within a few seconds from the window's load event. Please make sure it has an appropriate `as` value and it is preloaded intentionally. @ http://127.0.0.1:3000/dashboard/boards/mobile-strategic-profile:0
[ 1063110ms] [WARNING] The resource http://127.0.0.1:3000/_next/static/css/app/layout.css?v=1785789581388 was preloaded using link preload but not used within a few seconds from the window's load event. Please make sure it has an appropriate `as` value and it is preloaded intentionally. @ http://127.0.0.1:3000/dashboard/boards/mobile-strategic-profile:0
[ 1063112ms] [WARNING] The resource http://127.0.0.1:3000/_next/static/css/app/layout.css?v=1785789766466 was preloaded using link preload but not used within a few seconds from the window's load event. Please make sure it has an appropriate `as` value and it is preloaded intentionally. @ http://127.0.0.1:3000/dashboard/boards/mobile-strategic-profile:0
[ 1123626ms] [WARNING] The resource http://127.0.0.1:3000/_next/static/css/app/layout.css?v=1785789581388 was preloaded using link preload but not used within a few seconds from the window's load event. Please make sure it has an appropriate `as` value and it is preloaded intentionally. @ http://127.0.0.1:3000/dashboard/boards/mobile-strategic-profile:0
[ 1123626ms] [WARNING] The resource http://127.0.0.1:3000/_next/static/css/app/layout.css?v=1785789766466 was preloaded using link preload but not used within a few seconds from the window's load event. Please make sure it has an appropriate `as` value and it is preloaded intentionally. @ http://127.0.0.1:3000/dashboard/boards/mobile-strategic-profile:0
[ 1184127ms] [WARNING] The resource http://127.0.0.1:3000/_next/static/css/app/layout.css?v=1785789581388 was preloaded using link preload but not used within a few seconds from the window's load event. Please make sure it has an appropriate `as` value and it is preloaded intentionally. @ http://127.0.0.1:3000/dashboard/boards/mobile-strategic-profile:0
[ 1184128ms] [WARNING] The resource http://127.0.0.1:3000/_next/static/css/app/layout.css?v=1785789766466 was preloaded using link preload but not used within a few seconds from the window's load event. Please make sure it has an appropriate `as` value and it is preloaded intentionally. @ http://127.0.0.1:3000/dashboard/boards/mobile-strategic-profile:0
[ 1244695ms] [WARNING] The resource http://127.0.0.1:3000/_next/static/css/app/layout.css?v=1785789581388 was preloaded using link preload but not used within a few seconds from the window's load event. Please make sure it has an appropriate `as` value and it is preloaded intentionally. @ http://127.0.0.1:3000/dashboard/boards/mobile-strategic-profile:0
[ 1244695ms] [WARNING] The resource http://127.0.0.1:3000/_next/static/css/app/layout.css?v=1785789766466 was preloaded using link preload but not used within a few seconds from the window's load event. Please make sure it has an appropriate `as` value and it is preloaded intentionally. @ http://127.0.0.1:3000/dashboard/boards/mobile-strategic-profile:0
[ 1305251ms] [WARNING] The resource http://127.0.0.1:3000/_next/static/css/app/layout.css?v=1785789581388 was preloaded using link preload but not used within a few seconds from the window's load event. Please make sure it has an appropriate `as` value and it is preloaded intentionally. @ http://127.0.0.1:3000/dashboard/boards/mobile-strategic-profile:0
[ 1305252ms] [WARNING] The resource http://127.0.0.1:3000/_next/static/css/app/layout.css?v=1785789766466 was preloaded using link preload but not used within a few seconds from the window's load event. Please make sure it has an appropriate `as` value and it is preloaded intentionally. @ http://127.0.0.1:3000/dashboard/boards/mobile-strategic-profile:0
[ 1369284ms] [ERROR] Failed to load resource: the server responded with a status of 404 (Not Found) @ http://127.0.0.1:3000/api/dashboard/notifications/badges?reviewsLimit=50:0
[ 1432787ms] [WARNING] The resource http://127.0.0.1:3000/_next/static/css/app/layout.css?v=1785789581388 was preloaded using link preload but not used within a few seconds from the window's load event. Please make sure it has an appropriate `as` value and it is preloaded intentionally. @ http://127.0.0.1:3000/dashboard/boards/mobile-strategic-profile:0
[ 1432791ms] [WARNING] The resource http://127.0.0.1:3000/_next/static/css/app/layout.css?v=1785789766466 was preloaded using link preload but not used within a few seconds from the window's load event. Please make sure it has an appropriate `as` value and it is preloaded intentionally. @ http://127.0.0.1:3000/dashboard/boards/mobile-strategic-profile:0
[ 1493411ms] [WARNING] The resource http://127.0.0.1:3000/_next/static/css/app/layout.css?v=1785789581388 was preloaded using link preload but not used within a few seconds from the window's load event. Please make sure it has an appropriate `as` value and it is preloaded intentionally. @ http://127.0.0.1:3000/dashboard/boards/mobile-strategic-profile:0
[ 1493411ms] [WARNING] The resource http://127.0.0.1:3000/_next/static/css/app/layout.css?v=1785789766466 was preloaded using link preload but not used within a few seconds from the window's load event. Please make sure it has an appropriate `as` value and it is preloaded intentionally. @ http://127.0.0.1:3000/dashboard/boards/mobile-strategic-profile:0
[ 1554138ms] [WARNING] The resource http://127.0.0.1:3000/_next/static/css/app/layout.css?v=1785789581388 was preloaded using link preload but not used within a few seconds from the window's load event. Please make sure it has an appropriate `as` value and it is preloaded intentionally. @ http://127.0.0.1:3000/dashboard/boards/mobile-strategic-profile:0
[ 1554138ms] [WARNING] The resource http://127.0.0.1:3000/_next/static/css/app/layout.css?v=1785789766466 was preloaded using link preload but not used within a few seconds from the window's load event. Please make sure it has an appropriate `as` value and it is preloaded intentionally. @ http://127.0.0.1:3000/dashboard/boards/mobile-strategic-profile:0
[ 1614658ms] [WARNING] The resource http://127.0.0.1:3000/_next/static/css/app/layout.css?v=1785789581388 was preloaded using link preload but not used within a few seconds from the window's load event. Please make sure it has an appropriate `as` value and it is preloaded intentionally. @ http://127.0.0.1:3000/dashboard/boards/mobile-strategic-profile:0
[ 1614659ms] [WARNING] The resource http://127.0.0.1:3000/_next/static/css/app/layout.css?v=1785789766466 was preloaded using link preload but not used within a few seconds from the window's load event. Please make sure it has an appropriate `as` value and it is preloaded intentionally. @ http://127.0.0.1:3000/dashboard/boards/mobile-strategic-profile:0
[ 1676319ms] [WARNING] The resource http://127.0.0.1:3000/_next/static/css/app/layout.css?v=1785789581388 was preloaded using link preload but not used within a few seconds from the window's load event. Please make sure it has an appropriate `as` value and it is preloaded intentionally. @ http://127.0.0.1:3000/dashboard/boards/mobile-strategic-profile:0
[ 1676319ms] [WARNING] The resource http://127.0.0.1:3000/_next/static/css/app/layout.css?v=1785789766466 was preloaded using link preload but not used within a few seconds from the window's load event. Please make sure it has an appropriate `as` value and it is preloaded intentionally. @ http://127.0.0.1:3000/dashboard/boards/mobile-strategic-profile:0
[ 1736981ms] [WARNING] The resource http://127.0.0.1:3000/_next/static/css/app/layout.css?v=1785789581388 was preloaded using link preload but not used within a few seconds from the window's load event. Please make sure it has an appropriate `as` value and it is preloaded intentionally. @ http://127.0.0.1:3000/dashboard/boards/mobile-strategic-profile:0
[ 1736981ms] [WARNING] The resource http://127.0.0.1:3000/_next/static/css/app/layout.css?v=1785789766466 was preloaded using link preload but not used within a few seconds from the window's load event. Please make sure it has an appropriate `as` value and it is preloaded intentionally. @ http://127.0.0.1:3000/dashboard/boards/mobile-strategic-profile:0
[ 1797444ms] [WARNING] The resource http://127.0.0.1:3000/_next/static/css/app/layout.css?v=1785789581388 was preloaded using link preload but not used within a few seconds from the window's load event. Please make sure it has an appropriate `as` value and it is preloaded intentionally. @ http://127.0.0.1:3000/dashboard/boards/mobile-strategic-profile:0
[ 1797444ms] [WARNING] The resource http://127.0.0.1:3000/_next/static/css/app/layout.css?v=1785789766466 was preloaded using link preload but not used within a few seconds from the window's load event. Please make sure it has an appropriate `as` value and it is preloaded intentionally. @ http://127.0.0.1:3000/dashboard/boards/mobile-strategic-profile:0
[ 1858564ms] [WARNING] The resource http://127.0.0.1:3000/_next/static/css/app/layout.css?v=1785789581388 was preloaded using link preload but not used within a few seconds from the window's load event. Please make sure it has an appropriate `as` value and it is preloaded intentionally. @ http://127.0.0.1:3000/dashboard/boards/mobile-strategic-profile:0
[ 1858566ms] [WARNING] The resource http://127.0.0.1:3000/_next/static/css/app/layout.css?v=1785789766466 was preloaded using link preload but not used within a few seconds from the window's load event. Please make sure it has an appropriate `as` value and it is preloaded intentionally. @ http://127.0.0.1:3000/dashboard/boards/mobile-strategic-profile:0
[ 1920943ms] [ERROR] Failed to load resource: the server responded with a status of 404 (Not Found) @ http://127.0.0.1:3000/api/dashboard/notifications/badges?reviewsLimit=50:0
[ 1924003ms] [WARNING] The resource http://127.0.0.1:3000/_next/static/css/app/layout.css?v=1785789581388 was preloaded using link preload but not used within a few seconds from the window's load event. Please make sure it has an appropriate `as` value and it is preloaded intentionally. @ http://127.0.0.1:3000/dashboard/boards/mobile-strategic-profile:0
[ 1924003ms] [WARNING] The resource http://127.0.0.1:3000/_next/static/css/app/layout.css?v=1785789766466 was preloaded using link preload but not used within a few seconds from the window's load event. Please make sure it has an appropriate `as` value and it is preloaded intentionally. @ http://127.0.0.1:3000/dashboard/boards/mobile-strategic-profile:0
[ 1924003ms] [WARNING] The resource http://127.0.0.1:3000/_next/static/css/app/layout.css?v=1785790686987 was preloaded using link preload but not used within a few seconds from the window's load event. Please make sure it has an appropriate `as` value and it is preloaded intentionally. @ http://127.0.0.1:3000/dashboard/boards/mobile-strategic-profile:0
[ 1985101ms] [ERROR] Failed to load resource: the server responded with a status of 500 (Internal Server Error) @ http://127.0.0.1:3000/api/dashboard/notifications/badges?reviewsLimit=50:0
[ 2048444ms] [WARNING] The resource http://127.0.0.1:3000/_next/static/css/app/layout.css?v=1785789581388 was preloaded using link preload but not used within a few seconds from the window's load event. Please make sure it has an appropriate `as` value and it is preloaded intentionally. @ http://127.0.0.1:3000/dashboard/boards/mobile-strategic-profile:0
[ 2048445ms] [WARNING] The resource http://127.0.0.1:3000/_next/static/css/app/layout.css?v=1785789766466 was preloaded using link preload but not used within a few seconds from the window's load event. Please make sure it has an appropriate `as` value and it is preloaded intentionally. @ http://127.0.0.1:3000/dashboard/boards/mobile-strategic-profile:0
[ 2048445ms] [WARNING] The resource http://127.0.0.1:3000/_next/static/css/app/layout.css?v=1785790686987 was preloaded using link preload but not used within a few seconds from the window's load event. Please make sure it has an appropriate `as` value and it is preloaded intentionally. @ http://127.0.0.1:3000/dashboard/boards/mobile-strategic-profile:0
[ 2108686ms] [WARNING] The resource http://127.0.0.1:3000/_next/static/css/app/layout.css?v=1785789581388 was preloaded using link preload but not used within a few seconds from the window's load event. Please make sure it has an appropriate `as` value and it is preloaded intentionally. @ http://127.0.0.1:3000/dashboard/boards/mobile-strategic-profile:0
[ 2108687ms] [WARNING] The resource http://127.0.0.1:3000/_next/static/css/app/layout.css?v=1785789766466 was preloaded using link preload but not used within a few seconds from the window's load event. Please make sure it has an appropriate `as` value and it is preloaded intentionally. @ http://127.0.0.1:3000/dashboard/boards/mobile-strategic-profile:0
[ 2108688ms] [WARNING] The resource http://127.0.0.1:3000/_next/static/css/app/layout.css?v=1785790686987 was preloaded using link preload but not used within a few seconds from the window's load event. Please make sure it has an appropriate `as` value and it is preloaded intentionally. @ http://127.0.0.1:3000/dashboard/boards/mobile-strategic-profile:0
[ 2168926ms] [WARNING] The resource http://127.0.0.1:3000/_next/static/css/app/layout.css?v=1785789581388 was preloaded using link preload but not used within a few seconds from the window's load event. Please make sure it has an appropriate `as` value and it is preloaded intentionally. @ http://127.0.0.1:3000/dashboard/boards/mobile-strategic-profile:0
[ 2168926ms] [WARNING] The resource http://127.0.0.1:3000/_next/static/css/app/layout.css?v=1785789766466 was preloaded using link preload but not used within a few seconds from the window's load event. Please make sure it has an appropriate `as` value and it is preloaded intentionally. @ http://127.0.0.1:3000/dashboard/boards/mobile-strategic-profile:0
[ 2168926ms] [WARNING] The resource http://127.0.0.1:3000/_next/static/css/app/layout.css?v=1785790686987 was preloaded using link preload but not used within a few seconds from the window's load event. Please make sure it has an appropriate `as` value and it is preloaded intentionally. @ http://127.0.0.1:3000/dashboard/boards/mobile-strategic-profile:0
[ 2226025ms] [ERROR] Failed to load resource: the server responded with a status of 404 (Not Found) @ http://127.0.0.1:3000/api/dashboard/notifications/badges?reviewsLimit=50:0
[ 2286135ms] [ERROR] Failed to load resource: the server responded with a status of 404 (Not Found) @ http://127.0.0.1:3000/api/dashboard/notifications/badges?reviewsLimit=50:0
[ 2346555ms] [ERROR] Failed to load resource: the server responded with a status of 404 (Not Found) @ http://127.0.0.1:3000/api/dashboard/notifications/badges?reviewsLimit=50:0
[ 2406691ms] [ERROR] Failed to load resource: the server responded with a status of 404 (Not Found) @ http://127.0.0.1:3000/api/dashboard/notifications/badges?reviewsLimit=50:0
[ 2466795ms] [ERROR] Failed to load resource: the server responded with a status of 404 (Not Found) @ http://127.0.0.1:3000/api/dashboard/notifications/badges?reviewsLimit=50:0
[ 2526899ms] [ERROR] Failed to load resource: the server responded with a status of 404 (Not Found) @ http://127.0.0.1:3000/api/dashboard/notifications/badges?reviewsLimit=50:0
[ 2587231ms] [ERROR] Failed to load resource: the server responded with a status of 404 (Not Found) @ http://127.0.0.1:3000/api/dashboard/notifications/badges?reviewsLimit=50:0
[ 2647316ms] [ERROR] Failed to load resource: the server responded with a status of 404 (Not Found) @ http://127.0.0.1:3000/api/dashboard/notifications/badges?reviewsLimit=50:0
[ 2707421ms] [ERROR] Failed to load resource: the server responded with a status of 404 (Not Found) @ http://127.0.0.1:3000/api/dashboard/notifications/badges?reviewsLimit=50:0
[ 2767549ms] [ERROR] Failed to load resource: the server responded with a status of 404 (Not Found) @ http://127.0.0.1:3000/api/dashboard/notifications/badges?reviewsLimit=50:0
[ 2827691ms] [ERROR] Failed to load resource: the server responded with a status of 404 (Not Found) @ http://127.0.0.1:3000/api/dashboard/notifications/badges?reviewsLimit=50:0
[ 2887987ms] [ERROR] Failed to load resource: the server responded with a status of 404 (Not Found) @ http://127.0.0.1:3000/api/dashboard/notifications/badges?reviewsLimit=50:0
[ 2951279ms] [WARNING] The resource http://127.0.0.1:3000/_next/static/css/app/layout.css?v=1785789581388 was preloaded using link preload but not used within a few seconds from the window's load event. Please make sure it has an appropriate `as` value and it is preloaded intentionally. @ http://127.0.0.1:3000/dashboard/boards/mobile-strategic-profile:0
[ 2951279ms] [WARNING] The resource http://127.0.0.1:3000/_next/static/css/app/layout.css?v=1785789766466 was preloaded using link preload but not used within a few seconds from the window's load event. Please make sure it has an appropriate `as` value and it is preloaded intentionally. @ http://127.0.0.1:3000/dashboard/boards/mobile-strategic-profile:0
[ 2951280ms] [WARNING] The resource http://127.0.0.1:3000/_next/static/css/app/layout.css?v=1785790686987 was preloaded using link preload but not used within a few seconds from the window's load event. Please make sure it has an appropriate `as` value and it is preloaded intentionally. @ http://127.0.0.1:3000/dashboard/boards/mobile-strategic-profile:0
[ 3011530ms] [WARNING] The resource http://127.0.0.1:3000/_next/static/css/app/layout.css?v=1785789581388 was preloaded using link preload but not used within a few seconds from the window's load event. Please make sure it has an appropriate `as` value and it is preloaded intentionally. @ http://127.0.0.1:3000/dashboard/boards/mobile-strategic-profile:0
[ 3011530ms] [WARNING] The resource http://127.0.0.1:3000/_next/static/css/app/layout.css?v=1785789766466 was preloaded using link preload but not used within a few seconds from the window's load event. Please make sure it has an appropriate `as` value and it is preloaded intentionally. @ http://127.0.0.1:3000/dashboard/boards/mobile-strategic-profile:0
[ 3011530ms] [WARNING] The resource http://127.0.0.1:3000/_next/static/css/app/layout.css?v=1785790686987 was preloaded using link preload but not used within a few seconds from the window's load event. Please make sure it has an appropriate `as` value and it is preloaded intentionally. @ http://127.0.0.1:3000/dashboard/boards/mobile-strategic-profile:0
[ 3071770ms] [WARNING] The resource http://127.0.0.1:3000/_next/static/css/app/layout.css?v=1785789581388 was preloaded using link preload but not used within a few seconds from the window's load event. Please make sure it has an appropriate `as` value and it is preloaded intentionally. @ http://127.0.0.1:3000/dashboard/boards/mobile-strategic-profile:0
[ 3071770ms] [WARNING] The resource http://127.0.0.1:3000/_next/static/css/app/layout.css?v=1785789766466 was preloaded using link preload but not used within a few seconds from the window's load event. Please make sure it has an appropriate `as` value and it is preloaded intentionally. @ http://127.0.0.1:3000/dashboard/boards/mobile-strategic-profile:0
[ 3071770ms] [WARNING] The resource http://127.0.0.1:3000/_next/static/css/app/layout.css?v=1785790686987 was preloaded using link preload but not used within a few seconds from the window's load event. Please make sure it has an appropriate `as` value and it is preloaded intentionally. @ http://127.0.0.1:3000/dashboard/boards/mobile-strategic-profile:0
[ 3132639ms] [WARNING] The resource http://127.0.0.1:3000/_next/static/css/app/layout.css?v=1785789581388 was preloaded using link preload but not used within a few seconds from the window's load event. Please make sure it has an appropriate `as` value and it is preloaded intentionally. @ http://127.0.0.1:3000/dashboard/boards/mobile-strategic-profile:0
[ 3132639ms] [WARNING] The resource http://127.0.0.1:3000/_next/static/css/app/layout.css?v=1785789766466 was preloaded using link preload but not used within a few seconds from the window's load event. Please make sure it has an appropriate `as` value and it is preloaded intentionally. @ http://127.0.0.1:3000/dashboard/boards/mobile-strategic-profile:0
[ 3132639ms] [WARNING] The resource http://127.0.0.1:3000/_next/static/css/app/layout.css?v=1785790686987 was preloaded using link preload but not used within a few seconds from the window's load event. Please make sure it has an appropriate `as` value and it is preloaded intentionally. @ http://127.0.0.1:3000/dashboard/boards/mobile-strategic-profile:0
[ 3192883ms] [WARNING] The resource http://127.0.0.1:3000/_next/static/css/app/layout.css?v=1785789581388 was preloaded using link preload but not used within a few seconds from the window's load event. Please make sure it has an appropriate `as` value and it is preloaded intentionally. @ http://127.0.0.1:3000/dashboard/boards/mobile-strategic-profile:0
[ 3192883ms] [WARNING] The resource http://127.0.0.1:3000/_next/static/css/app/layout.css?v=1785789766466 was preloaded using link preload but not used within a few seconds from the window's load event. Please make sure it has an appropriate `as` value and it is preloaded intentionally. @ http://127.0.0.1:3000/dashboard/boards/mobile-strategic-profile:0
[ 3192883ms] [WARNING] The resource http://127.0.0.1:3000/_next/static/css/app/layout.css?v=1785790686987 was preloaded using link preload but not used within a few seconds from the window's load event. Please make sure it has an appropriate `as` value and it is preloaded intentionally. @ http://127.0.0.1:3000/dashboard/boards/mobile-strategic-profile:0
[ 3253112ms] [WARNING] The resource http://127.0.0.1:3000/_next/static/css/app/layout.css?v=1785789581388 was preloaded using link preload but not used within a few seconds from the window's load event. Please make sure it has an appropriate `as` value and it is preloaded intentionally. @ http://127.0.0.1:3000/dashboard/boards/mobile-strategic-profile:0
[ 3253112ms] [WARNING] The resource http://127.0.0.1:3000/_next/static/css/app/layout.css?v=1785789766466 was preloaded using link preload but not used within a few seconds from the window's load event. Please make sure it has an appropriate `as` value and it is preloaded intentionally. @ http://127.0.0.1:3000/dashboard/boards/mobile-strategic-profile:0
[ 3253113ms] [WARNING] The resource http://127.0.0.1:3000/_next/static/css/app/layout.css?v=1785790686987 was preloaded using link preload but not used within a few seconds from the window's load event. Please make sure it has an appropriate `as` value and it is preloaded intentionally. @ http://127.0.0.1:3000/dashboard/boards/mobile-strategic-profile:0
[ 3313544ms] [WARNING] The resource http://127.0.0.1:3000/_next/static/css/app/layout.css?v=1785789581388 was preloaded using link preload but not used within a few seconds from the window's load event. Please make sure it has an appropriate `as` value and it is preloaded intentionally. @ http://127.0.0.1:3000/dashboard/boards/mobile-strategic-profile:0
[ 3313545ms] [WARNING] The resource http://127.0.0.1:3000/_next/static/css/app/layout.css?v=1785789766466 was preloaded using link preload but not used within a few seconds from the window's load event. Please make sure it has an appropriate `as` value and it is preloaded intentionally. @ http://127.0.0.1:3000/dashboard/boards/mobile-strategic-profile:0
[ 3313545ms] [WARNING] The resource http://127.0.0.1:3000/_next/static/css/app/layout.css?v=1785790686987 was preloaded using link preload but not used within a few seconds from the window's load event. Please make sure it has an appropriate `as` value and it is preloaded intentionally. @ http://127.0.0.1:3000/dashboard/boards/mobile-strategic-profile:0
[ 3374010ms] [WARNING] The resource http://127.0.0.1:3000/_next/static/css/app/layout.css?v=1785789581388 was preloaded using link preload but not used within a few seconds from the window's load event. Please make sure it has an appropriate `as` value and it is preloaded intentionally. @ http://127.0.0.1:3000/dashboard/boards/mobile-strategic-profile:0
[ 3374011ms] [WARNING] The resource http://127.0.0.1:3000/_next/static/css/app/layout.css?v=1785789766466 was preloaded using link preload but not used within a few seconds from the window's load event. Please make sure it has an appropriate `as` value and it is preloaded intentionally. @ http://127.0.0.1:3000/dashboard/boards/mobile-strategic-profile:0
[ 3374011ms] [WARNING] The resource http://127.0.0.1:3000/_next/static/css/app/layout.css?v=1785790686987 was preloaded using link preload but not used within a few seconds from the window's load event. Please make sure it has an appropriate `as` value and it is preloaded intentionally. @ http://127.0.0.1:3000/dashboard/boards/mobile-strategic-profile:0
[ 3434627ms] [WARNING] The resource http://127.0.0.1:3000/_next/static/css/app/layout.css?v=1785789581388 was preloaded using link preload but not used within a few seconds from the window's load event. Please make sure it has an appropriate `as` value and it is preloaded intentionally. @ http://127.0.0.1:3000/dashboard/boards/mobile-strategic-profile:0
[ 3434628ms] [WARNING] The resource http://127.0.0.1:3000/_next/static/css/app/layout.css?v=1785789766466 was preloaded using link preload but not used within a few seconds from the window's load event. Please make sure it has an appropriate `as` value and it is preloaded intentionally. @ http://127.0.0.1:3000/dashboard/boards/mobile-strategic-profile:0
[ 3434628ms] [WARNING] The resource http://127.0.0.1:3000/_next/static/css/app/layout.css?v=1785790686987 was preloaded using link preload but not used within a few seconds from the window's load event. Please make sure it has an appropriate `as` value and it is preloaded intentionally. @ http://127.0.0.1:3000/dashboard/boards/mobile-strategic-profile:0
[ 3495178ms] [WARNING] The resource http://127.0.0.1:3000/_next/static/css/app/layout.css?v=1785789581388 was preloaded using link preload but not used within a few seconds from the window's load event. Please make sure it has an appropriate `as` value and it is preloaded intentionally. @ http://127.0.0.1:3000/dashboard/boards/mobile-strategic-profile:0
[ 3495178ms] [WARNING] The resource http://127.0.0.1:3000/_next/static/css/app/layout.css?v=1785789766466 was preloaded using link preload but not used within a few seconds from the window's load event. Please make sure it has an appropriate `as` value and it is preloaded intentionally. @ http://127.0.0.1:3000/dashboard/boards/mobile-strategic-profile:0
[ 3495178ms] [WARNING] The resource http://127.0.0.1:3000/_next/static/css/app/layout.css?v=1785790686987 was preloaded using link preload but not used within a few seconds from the window's load event. Please make sure it has an appropriate `as` value and it is preloaded intentionally. @ http://127.0.0.1:3000/dashboard/boards/mobile-strategic-profile:0
[ 3555707ms] [WARNING] The resource http://127.0.0.1:3000/_next/static/css/app/layout.css?v=1785789581388 was preloaded using link preload but not used within a few seconds from the window's load event. Please make sure it has an appropriate `as` value and it is preloaded intentionally. @ http://127.0.0.1:3000/dashboard/boards/mobile-strategic-profile:0
[ 3555707ms] [WARNING] The resource http://127.0.0.1:3000/_next/static/css/app/layout.css?v=1785789766466 was preloaded using link preload but not used within a few seconds from the window's load event. Please make sure it has an appropriate `as` value and it is preloaded intentionally. @ http://127.0.0.1:3000/dashboard/boards/mobile-strategic-profile:0
[ 3555707ms] [WARNING] The resource http://127.0.0.1:3000/_next/static/css/app/layout.css?v=1785790686987 was preloaded using link preload but not used within a few seconds from the window's load event. Please make sure it has an appropriate `as` value and it is preloaded intentionally. @ http://127.0.0.1:3000/dashboard/boards/mobile-strategic-profile:0
[ 3616411ms] [WARNING] The resource http://127.0.0.1:3000/_next/static/css/app/layout.css?v=1785789581388 was preloaded using link preload but not used within a few seconds from the window's load event. Please make sure it has an appropriate `as` value and it is preloaded intentionally. @ http://127.0.0.1:3000/dashboard/boards/mobile-strategic-profile:0
[ 3616411ms] [WARNING] The resource http://127.0.0.1:3000/_next/static/css/app/layout.css?v=1785789766466 was preloaded using link preload but not used within a few seconds from the window's load event. Please make sure it has an appropriate `as` value and it is preloaded intentionally. @ http://127.0.0.1:3000/dashboard/boards/mobile-strategic-profile:0
[ 3616411ms] [WARNING] The resource http://127.0.0.1:3000/_next/static/css/app/layout.css?v=1785790686987 was preloaded using link preload but not used within a few seconds from the window's load event. Please make sure it has an appropriate `as` value and it is preloaded intentionally. @ http://127.0.0.1:3000/dashboard/boards/mobile-strategic-profile:0
[ 3677059ms] [WARNING] The resource http://127.0.0.1:3000/_next/static/css/app/layout.css?v=1785789581388 was preloaded using link preload but not used within a few seconds from the window's load event. Please make sure it has an appropriate `as` value and it is preloaded intentionally. @ http://127.0.0.1:3000/dashboard/boards/mobile-strategic-profile:0
[ 3677060ms] [WARNING] The resource http://127.0.0.1:3000/_next/static/css/app/layout.css?v=1785789766466 was preloaded using link preload but not used within a few seconds from the window's load event. Please make sure it has an appropriate `as` value and it is preloaded intentionally. @ http://127.0.0.1:3000/dashboard/boards/mobile-strategic-profile:0
[ 3677060ms] [WARNING] The resource http://127.0.0.1:3000/_next/static/css/app/layout.css?v=1785790686987 was preloaded using link preload but not used within a few seconds from the window's load event. Please make sure it has an appropriate `as` value and it is preloaded intentionally. @ http://127.0.0.1:3000/dashboard/boards/mobile-strategic-profile:0
[ 3737458ms] [WARNING] The resource http://127.0.0.1:3000/_next/static/css/app/layout.css?v=1785789581388 was preloaded using link preload but not used within a few seconds from the window's load event. Please make sure it has an appropriate `as` value and it is preloaded intentionally. @ http://127.0.0.1:3000/dashboard/boards/mobile-strategic-profile:0
[ 3737458ms] [WARNING] The resource http://127.0.0.1:3000/_next/static/css/app/layout.css?v=1785789766466 was preloaded using link preload but not used within a few seconds from the window's load event. Please make sure it has an appropriate `as` value and it is preloaded intentionally. @ http://127.0.0.1:3000/dashboard/boards/mobile-strategic-profile:0
[ 3737458ms] [WARNING] The resource http://127.0.0.1:3000/_next/static/css/app/layout.css?v=1785790686987 was preloaded using link preload but not used within a few seconds from the window's load event. Please make sure it has an appropriate `as` value and it is preloaded intentionally. @ http://127.0.0.1:3000/dashboard/boards/mobile-strategic-profile:0
[ 3797979ms] [WARNING] The resource http://127.0.0.1:3000/_next/static/css/app/layout.css?v=1785789581388 was preloaded using link preload but not used within a few seconds from the window's load event. Please make sure it has an appropriate `as` value and it is preloaded intentionally. @ http://127.0.0.1:3000/dashboard/boards/mobile-strategic-profile:0
[ 3797979ms] [WARNING] The resource http://127.0.0.1:3000/_next/static/css/app/layout.css?v=1785789766466 was preloaded using link preload but not used within a few seconds from the window's load event. Please make sure it has an appropriate `as` value and it is preloaded intentionally. @ http://127.0.0.1:3000/dashboard/boards/mobile-strategic-profile:0
[ 3797979ms] [WARNING] The resource http://127.0.0.1:3000/_next/static/css/app/layout.css?v=1785790686987 was preloaded using link preload but not used within a few seconds from the window's load event. Please make sure it has an appropriate `as` value and it is preloaded intentionally. @ http://127.0.0.1:3000/dashboard/boards/mobile-strategic-profile:0
[ 3858558ms] [WARNING] The resource http://127.0.0.1:3000/_next/static/css/app/layout.css?v=1785789581388 was preloaded using link preload but not used within a few seconds from the window's load event. Please make sure it has an appropriate `as` value and it is preloaded intentionally. @ http://127.0.0.1:3000/dashboard/boards/mobile-strategic-profile:0
[ 3858558ms] [WARNING] The resource http://127.0.0.1:3000/_next/static/css/app/layout.css?v=1785789766466 was preloaded using link preload but not used within a few seconds from the window's load event. Please make sure it has an appropriate `as` value and it is preloaded intentionally. @ http://127.0.0.1:3000/dashboard/boards/mobile-strategic-profile:0
[ 3858558ms] [WARNING] The resource http://127.0.0.1:3000/_next/static/css/app/layout.css?v=1785790686987 was preloaded using link preload but not used within a few seconds from the window's load event. Please make sure it has an appropriate `as` value and it is preloaded intentionally. @ http://127.0.0.1:3000/dashboard/boards/mobile-strategic-profile:0
[ 3919069ms] [WARNING] The resource http://127.0.0.1:3000/_next/static/css/app/layout.css?v=1785789581388 was preloaded using link preload but not used within a few seconds from the window's load event. Please make sure it has an appropriate `as` value and it is preloaded intentionally. @ http://127.0.0.1:3000/dashboard/boards/mobile-strategic-profile:0
[ 3919069ms] [WARNING] The resource http://127.0.0.1:3000/_next/static/css/app/layout.css?v=1785789766466 was preloaded using link preload but not used within a few seconds from the window's load event. Please make sure it has an appropriate `as` value and it is preloaded intentionally. @ http://127.0.0.1:3000/dashboard/boards/mobile-strategic-profile:0
[ 3919069ms] [WARNING] The resource http://127.0.0.1:3000/_next/static/css/app/layout.css?v=1785790686987 was preloaded using link preload but not used within a few seconds from the window's load event. Please make sure it has an appropriate `as` value and it is preloaded intentionally. @ http://127.0.0.1:3000/dashboard/boards/mobile-strategic-profile:0
[ 3979655ms] [WARNING] The resource http://127.0.0.1:3000/_next/static/css/app/layout.css?v=1785789581388 was preloaded using link preload but not used within a few seconds from the window's load event. Please make sure it has an appropriate `as` value and it is preloaded intentionally. @ http://127.0.0.1:3000/dashboard/boards/mobile-strategic-profile:0
[ 3979658ms] [WARNING] The resource http://127.0.0.1:3000/_next/static/css/app/layout.css?v=1785789766466 was preloaded using link preload but not used within a few seconds from the window's load event. Please make sure it has an appropriate `as` value and it is preloaded intentionally. @ http://127.0.0.1:3000/dashboard/boards/mobile-strategic-profile:0
[ 3979658ms] [WARNING] The resource http://127.0.0.1:3000/_next/static/css/app/layout.css?v=1785790686987 was preloaded using link preload but not used within a few seconds from the window's load event. Please make sure it has an appropriate `as` value and it is preloaded intentionally. @ http://127.0.0.1:3000/dashboard/boards/mobile-strategic-profile:0
[ 4040229ms] [WARNING] The resource http://127.0.0.1:3000/_next/static/css/app/layout.css?v=1785789581388 was preloaded using link preload but not used within a few seconds from the window's load event. Please make sure it has an appropriate `as` value and it is preloaded intentionally. @ http://127.0.0.1:3000/dashboard/boards/mobile-strategic-profile:0
[ 4040230ms] [WARNING] The resource http://127.0.0.1:3000/_next/static/css/app/layout.css?v=1785789766466 was preloaded using link preload but not used within a few seconds from the window's load event. Please make sure it has an appropriate `as` value and it is preloaded intentionally. @ http://127.0.0.1:3000/dashboard/boards/mobile-strategic-profile:0
[ 4040230ms] [WARNING] The resource http://127.0.0.1:3000/_next/static/css/app/layout.css?v=1785790686987 was preloaded using link preload but not used within a few seconds from the window's load event. Please make sure it has an appropriate `as` value and it is preloaded intentionally. @ http://127.0.0.1:3000/dashboard/boards/mobile-strategic-profile:0
[ 4100781ms] [WARNING] The resource http://127.0.0.1:3000/_next/static/css/app/layout.css?v=1785789581388 was preloaded using link preload but not used within a few seconds from the window's load event. Please make sure it has an appropriate `as` value and it is preloaded intentionally. @ http://127.0.0.1:3000/dashboard/boards/mobile-strategic-profile:0
[ 4100781ms] [WARNING] The resource http://127.0.0.1:3000/_next/static/css/app/layout.css?v=1785789766466 was preloaded using link preload but not used within a few seconds from the window's load event. Please make sure it has an appropriate `as` value and it is preloaded intentionally. @ http://127.0.0.1:3000/dashboard/boards/mobile-strategic-profile:0
[ 4100781ms] [WARNING] The resource http://127.0.0.1:3000/_next/static/css/app/layout.css?v=1785790686987 was preloaded using link preload but not used within a few seconds from the window's load event. Please make sure it has an appropriate `as` value and it is preloaded intentionally. @ http://127.0.0.1:3000/dashboard/boards/mobile-strategic-profile:0
[ 4161312ms] [WARNING] The resource http://127.0.0.1:3000/_next/static/css/app/layout.css?v=1785789581388 was preloaded using link preload but not used within a few seconds from the window's load event. Please make sure it has an appropriate `as` value and it is preloaded intentionally. @ http://127.0.0.1:3000/dashboard/boards/mobile-strategic-profile:0
[ 4161313ms] [WARNING] The resource http://127.0.0.1:3000/_next/static/css/app/layout.css?v=1785789766466 was preloaded using link preload but not used within a few seconds from the window's load event. Please make sure it has an appropriate `as` value and it is preloaded intentionally. @ http://127.0.0.1:3000/dashboard/boards/mobile-strategic-profile:0
[ 4161313ms] [WARNING] The resource http://127.0.0.1:3000/_next/static/css/app/layout.css?v=1785790686987 was preloaded using link preload but not used within a few seconds from the window's load event. Please make sure it has an appropriate `as` value and it is preloaded intentionally. @ http://127.0.0.1:3000/dashboard/boards/mobile-strategic-profile:0
[ 4221860ms] [WARNING] The resource http://127.0.0.1:3000/_next/static/css/app/layout.css?v=1785789581388 was preloaded using link preload but not used within a few seconds from the window's load event. Please make sure it has an appropriate `as` value and it is preloaded intentionally. @ http://127.0.0.1:3000/dashboard/boards/mobile-strategic-profile:0
[ 4221861ms] [WARNING] The resource http://127.0.0.1:3000/_next/static/css/app/layout.css?v=1785789766466 was preloaded using link preload but not used within a few seconds from the window's load event. Please make sure it has an appropriate `as` value and it is preloaded intentionally. @ http://127.0.0.1:3000/dashboard/boards/mobile-strategic-profile:0
[ 4221861ms] [WARNING] The resource http://127.0.0.1:3000/_next/static/css/app/layout.css?v=1785790686987 was preloaded using link preload but not used within a few seconds from the window's load event. Please make sure it has an appropriate `as` value and it is preloaded intentionally. @ http://127.0.0.1:3000/dashboard/boards/mobile-strategic-profile:0
[ 4282383ms] [WARNING] The resource http://127.0.0.1:3000/_next/static/css/app/layout.css?v=1785789581388 was preloaded using link preload but not used within a few seconds from the window's load event. Please make sure it has an appropriate `as` value and it is preloaded intentionally. @ http://127.0.0.1:3000/dashboard/boards/mobile-strategic-profile:0
[ 4282383ms] [WARNING] The resource http://127.0.0.1:3000/_next/static/css/app/layout.css?v=1785789766466 was preloaded using link preload but not used within a few seconds from the window's load event. Please make sure it has an appropriate `as` value and it is preloaded intentionally. @ http://127.0.0.1:3000/dashboard/boards/mobile-strategic-profile:0
[ 4282383ms] [WARNING] The resource http://127.0.0.1:3000/_next/static/css/app/layout.css?v=1785790686987 was preloaded using link preload but not used within a few seconds from the window's load event. Please make sure it has an appropriate `as` value and it is preloaded intentionally. @ http://127.0.0.1:3000/dashboard/boards/mobile-strategic-profile:0
[ 4342914ms] [WARNING] The resource http://127.0.0.1:3000/_next/static/css/app/layout.css?v=1785789581388 was preloaded using link preload but not used within a few seconds from the window's load event. Please make sure it has an appropriate `as` value and it is preloaded intentionally. @ http://127.0.0.1:3000/dashboard/boards/mobile-strategic-profile:0
[ 4342914ms] [WARNING] The resource http://127.0.0.1:3000/_next/static/css/app/layout.css?v=1785789766466 was preloaded using link preload but not used within a few seconds from the window's load event. Please make sure it has an appropriate `as` value and it is preloaded intentionally. @ http://127.0.0.1:3000/dashboard/boards/mobile-strategic-profile:0
[ 4342914ms] [WARNING] The resource http://127.0.0.1:3000/_next/static/css/app/layout.css?v=1785790686987 was preloaded using link preload but not used within a few seconds from the window's load event. Please make sure it has an appropriate `as` value and it is preloaded intentionally. @ http://127.0.0.1:3000/dashboard/boards/mobile-strategic-profile:0
[ 4403481ms] [WARNING] The resource http://127.0.0.1:3000/_next/static/css/app/layout.css?v=1785789581388 was preloaded using link preload but not used within a few seconds from the window's load event. Please make sure it has an appropriate `as` value and it is preloaded intentionally. @ http://127.0.0.1:3000/dashboard/boards/mobile-strategic-profile:0
[ 4403481ms] [WARNING] The resource http://127.0.0.1:3000/_next/static/css/app/layout.css?v=1785789766466 was preloaded using link preload but not used within a few seconds from the window's load event. Please make sure it has an appropriate `as` value and it is preloaded intentionally. @ http://127.0.0.1:3000/dashboard/boards/mobile-strategic-profile:0
[ 4403481ms] [WARNING] The resource http://127.0.0.1:3000/_next/static/css/app/layout.css?v=1785790686987 was preloaded using link preload but not used within a few seconds from the window's load event. Please make sure it has an appropriate `as` value and it is preloaded intentionally. @ http://127.0.0.1:3000/dashboard/boards/mobile-strategic-profile:0
[ 4464019ms] [WARNING] The resource http://127.0.0.1:3000/_next/static/css/app/layout.css?v=1785789581388 was preloaded using link preload but not used within a few seconds from the window's load event. Please make sure it has an appropriate `as` value and it is preloaded intentionally. @ http://127.0.0.1:3000/dashboard/boards/mobile-strategic-profile:0
[ 4464019ms] [WARNING] The resource http://127.0.0.1:3000/_next/static/css/app/layout.css?v=1785789766466 was preloaded using link preload but not used within a few seconds from the window's load event. Please make sure it has an appropriate `as` value and it is preloaded intentionally. @ http://127.0.0.1:3000/dashboard/boards/mobile-strategic-profile:0
[ 4464019ms] [WARNING] The resource http://127.0.0.1:3000/_next/static/css/app/layout.css?v=1785790686987 was preloaded using link preload but not used within a few seconds from the window's load event. Please make sure it has an appropriate `as` value and it is preloaded intentionally. @ http://127.0.0.1:3000/dashboard/boards/mobile-strategic-profile:0
[ 4524796ms] [WARNING] The resource http://127.0.0.1:3000/_next/static/css/app/layout.css?v=1785789581388 was preloaded using link preload but not used within a few seconds from the window's load event. Please make sure it has an appropriate `as` value and it is preloaded intentionally. @ http://127.0.0.1:3000/dashboard/boards/mobile-strategic-profile:0
[ 4524796ms] [WARNING] The resource http://127.0.0.1:3000/_next/static/css/app/layout.css?v=1785789766466 was preloaded using link preload but not used within a few seconds from the window's load event. Please make sure it has an appropriate `as` value and it is preloaded intentionally. @ http://127.0.0.1:3000/dashboard/boards/mobile-strategic-profile:0
[ 4524797ms] [WARNING] The resource http://127.0.0.1:3000/_next/static/css/app/layout.css?v=1785790686987 was preloaded using link preload but not used within a few seconds from the window's load event. Please make sure it has an appropriate `as` value and it is preloaded intentionally. @ http://127.0.0.1:3000/dashboard/boards/mobile-strategic-profile:0
[ 4585321ms] [WARNING] The resource http://127.0.0.1:3000/_next/static/css/app/layout.css?v=1785789581388 was preloaded using link preload but not used within a few seconds from the window's load event. Please make sure it has an appropriate `as` value and it is preloaded intentionally. @ http://127.0.0.1:3000/dashboard/boards/mobile-strategic-profile:0
[ 4585321ms] [WARNING] The resource http://127.0.0.1:3000/_next/static/css/app/layout.css?v=1785789766466 was preloaded using link preload but not used within a few seconds from the window's load event. Please make sure it has an appropriate `as` value and it is preloaded intentionally. @ http://127.0.0.1:3000/dashboard/boards/mobile-strategic-profile:0
[ 4585321ms] [WARNING] The resource http://127.0.0.1:3000/_next/static/css/app/layout.css?v=1785790686987 was preloaded using link preload but not used within a few seconds from the window's load event. Please make sure it has an appropriate `as` value and it is preloaded intentionally. @ http://127.0.0.1:3000/dashboard/boards/mobile-strategic-profile:0
[ 4645870ms] [WARNING] The resource http://127.0.0.1:3000/_next/static/css/app/layout.css?v=1785789581388 was preloaded using link preload but not used within a few seconds from the window's load event. Please make sure it has an appropriate `as` value and it is preloaded intentionally. @ http://127.0.0.1:3000/dashboard/boards/mobile-strategic-profile:0
[ 4645870ms] [WARNING] The resource http://127.0.0.1:3000/_next/static/css/app/layout.css?v=1785789766466 was preloaded using link preload but not used within a few seconds from the window's load event. Please make sure it has an appropriate `as` value and it is preloaded intentionally. @ http://127.0.0.1:3000/dashboard/boards/mobile-strategic-profile:0
[ 4645870ms] [WARNING] The resource http://127.0.0.1:3000/_next/static/css/app/layout.css?v=1785790686987 was preloaded using link preload but not used within a few seconds from the window's load event. Please make sure it has an appropriate `as` value and it is preloaded intentionally. @ http://127.0.0.1:3000/dashboard/boards/mobile-strategic-profile:0
[ 4706467ms] [WARNING] The resource http://127.0.0.1:3000/_next/static/css/app/layout.css?v=1785789581388 was preloaded using link preload but not used within a few seconds from the window's load event. Please make sure it has an appropriate `as` value and it is preloaded intentionally. @ http://127.0.0.1:3000/dashboard/boards/mobile-strategic-profile:0
[ 4706468ms] [WARNING] The resource http://127.0.0.1:3000/_next/static/css/app/layout.css?v=1785789766466 was preloaded using link preload but not used within a few seconds from the window's load event. Please make sure it has an appropriate `as` value and it is preloaded intentionally. @ http://127.0.0.1:3000/dashboard/boards/mobile-strategic-profile:0
[ 4706468ms] [WARNING] The resource http://127.0.0.1:3000/_next/static/css/app/layout.css?v=1785790686987 was preloaded using link preload but not used within a few seconds from the window's load event. Please make sure it has an appropriate `as` value and it is preloaded intentionally. @ http://127.0.0.1:3000/dashboard/boards/mobile-strategic-profile:0
[ 4767086ms] [WARNING] The resource http://127.0.0.1:3000/_next/static/css/app/layout.css?v=1785789581388 was preloaded using link preload but not used within a few seconds from the window's load event. Please make sure it has an appropriate `as` value and it is preloaded intentionally. @ http://127.0.0.1:3000/dashboard/boards/mobile-strategic-profile:0
[ 4767087ms] [WARNING] The resource http://127.0.0.1:3000/_next/static/css/app/layout.css?v=1785789766466 was preloaded using link preload but not used within a few seconds from the window's load event. Please make sure it has an appropriate `as` value and it is preloaded intentionally. @ http://127.0.0.1:3000/dashboard/boards/mobile-strategic-profile:0
[ 4767087ms] [WARNING] The resource http://127.0.0.1:3000/_next/static/css/app/layout.css?v=1785790686987 was preloaded using link preload but not used within a few seconds from the window's load event. Please make sure it has an appropriate `as` value and it is preloaded intentionally. @ http://127.0.0.1:3000/dashboard/boards/mobile-strategic-profile:0
[ 4825198ms] [ERROR] Failed to load resource: the server responded with a status of 500 (Internal Server Error) @ http://127.0.0.1:3000/api/dashboard/notifications/badges?reviewsLimit=50:0
[ 4888072ms] [ERROR] Failed to load resource: the server responded with a status of 500 (Internal Server Error) @ http://127.0.0.1:3000/api/dashboard/notifications/badges?reviewsLimit=50:0
[ 4951328ms] [WARNING] The resource http://127.0.0.1:3000/_next/static/css/app/layout.css?v=1785789581388 was preloaded using link preload but not used within a few seconds from the window's load event. Please make sure it has an appropriate `as` value and it is preloaded intentionally. @ http://127.0.0.1:3000/dashboard/boards/mobile-strategic-profile:0
[ 4951329ms] [WARNING] The resource http://127.0.0.1:3000/_next/static/css/app/layout.css?v=1785789766466 was preloaded using link preload but not used within a few seconds from the window's load event. Please make sure it has an appropriate `as` value and it is preloaded intentionally. @ http://127.0.0.1:3000/dashboard/boards/mobile-strategic-profile:0
[ 4951329ms] [WARNING] The resource http://127.0.0.1:3000/_next/static/css/app/layout.css?v=1785790686987 was preloaded using link preload but not used within a few seconds from the window's load event. Please make sure it has an appropriate `as` value and it is preloaded intentionally. @ http://127.0.0.1:3000/dashboard/boards/mobile-strategic-profile:0
[ 5010898ms] [ERROR] Failed to load resource: the server responded with a status of 500 (Internal Server Error) @ http://127.0.0.1:3000/api/dashboard/notifications/badges?reviewsLimit=50:0
[ 5071316ms] [ERROR] Failed to load resource: the server responded with a status of 500 (Internal Server Error) @ http://127.0.0.1:3000/api/dashboard/notifications/badges?reviewsLimit=50:0
[ 5134869ms] [WARNING] The resource http://127.0.0.1:3000/_next/static/css/app/layout.css?v=1785789581388 was preloaded using link preload but not used within a few seconds from the window's load event. Please make sure it has an appropriate `as` value and it is preloaded intentionally. @ http://127.0.0.1:3000/dashboard/boards/mobile-strategic-profile:0
[ 5134869ms] [WARNING] The resource http://127.0.0.1:3000/_next/static/css/app/layout.css?v=1785789766466 was preloaded using link preload but not used within a few seconds from the window's load event. Please make sure it has an appropriate `as` value and it is preloaded intentionally. @ http://127.0.0.1:3000/dashboard/boards/mobile-strategic-profile:0
[ 5134869ms] [WARNING] The resource http://127.0.0.1:3000/_next/static/css/app/layout.css?v=1785790686987 was preloaded using link preload but not used within a few seconds from the window's load event. Please make sure it has an appropriate `as` value and it is preloaded intentionally. @ http://127.0.0.1:3000/dashboard/boards/mobile-strategic-profile:0
[ 5195414ms] [WARNING] The resource http://127.0.0.1:3000/_next/static/css/app/layout.css?v=1785789581388 was preloaded using link preload but not used within a few seconds from the window's load event. Please make sure it has an appropriate `as` value and it is preloaded intentionally. @ http://127.0.0.1:3000/dashboard/boards/mobile-strategic-profile:0
[ 5195414ms] [WARNING] The resource http://127.0.0.1:3000/_next/static/css/app/layout.css?v=1785789766466 was preloaded using link preload but not used within a few seconds from the window's load event. Please make sure it has an appropriate `as` value and it is preloaded intentionally. @ http://127.0.0.1:3000/dashboard/boards/mobile-strategic-profile:0
[ 5195414ms] [WARNING] The resource http://127.0.0.1:3000/_next/static/css/app/layout.css?v=1785790686987 was preloaded using link preload but not used within a few seconds from the window's load event. Please make sure it has an appropriate `as` value and it is preloaded intentionally. @ http://127.0.0.1:3000/dashboard/boards/mobile-strategic-profile:0
[ 5256005ms] [WARNING] The resource http://127.0.0.1:3000/_next/static/css/app/layout.css?v=1785789581388 was preloaded using link preload but not used within a few seconds from the window's load event. Please make sure it has an appropriate `as` value and it is preloaded intentionally. @ http://127.0.0.1:3000/dashboard/boards/mobile-strategic-profile:0
[ 5256006ms] [WARNING] The resource http://127.0.0.1:3000/_next/static/css/app/layout.css?v=1785789766466 was preloaded using link preload but not used within a few seconds from the window's load event. Please make sure it has an appropriate `as` value and it is preloaded intentionally. @ http://127.0.0.1:3000/dashboard/boards/mobile-strategic-profile:0
[ 5256006ms] [WARNING] The resource http://127.0.0.1:3000/_next/static/css/app/layout.css?v=1785790686987 was preloaded using link preload but not used within a few seconds from the window's load event. Please make sure it has an appropriate `as` value and it is preloaded intentionally. @ http://127.0.0.1:3000/dashboard/boards/mobile-strategic-profile:0
[ 5316585ms] [WARNING] The resource http://127.0.0.1:3000/_next/static/css/app/layout.css?v=1785789581388 was preloaded using link preload but not used within a few seconds from the window's load event. Please make sure it has an appropriate `as` value and it is preloaded intentionally. @ http://127.0.0.1:3000/dashboard/boards/mobile-strategic-profile:0
[ 5316586ms] [WARNING] The resource http://127.0.0.1:3000/_next/static/css/app/layout.css?v=1785789766466 was preloaded using link preload but not used within a few seconds from the window's load event. Please make sure it has an appropriate `as` value and it is preloaded intentionally. @ http://127.0.0.1:3000/dashboard/boards/mobile-strategic-profile:0
[ 5316586ms] [WARNING] The resource http://127.0.0.1:3000/_next/static/css/app/layout.css?v=1785790686987 was preloaded using link preload but not used within a few seconds from the window's load event. Please make sure it has an appropriate `as` value and it is preloaded intentionally. @ http://127.0.0.1:3000/dashboard/boards/mobile-strategic-profile:0
[ 5377658ms] [WARNING] The resource http://127.0.0.1:3000/_next/static/css/app/layout.css?v=1785789581388 was preloaded using link preload but not used within a few seconds from the window's load event. Please make sure it has an appropriate `as` value and it is preloaded intentionally. @ http://127.0.0.1:3000/dashboard/boards/mobile-strategic-profile:0
[ 5377659ms] [WARNING] The resource http://127.0.0.1:3000/_next/static/css/app/layout.css?v=1785789766466 was preloaded using link preload but not used within a few seconds from the window's load event. Please make sure it has an appropriate `as` value and it is preloaded intentionally. @ http://127.0.0.1:3000/dashboard/boards/mobile-strategic-profile:0
[ 5377659ms] [WARNING] The resource http://127.0.0.1:3000/_next/static/css/app/layout.css?v=1785790686987 was preloaded using link preload but not used within a few seconds from the window's load event. Please make sure it has an appropriate `as` value and it is preloaded intentionally. @ http://127.0.0.1:3000/dashboard/boards/mobile-strategic-profile:0
[ 5437964ms] [WARNING] The resource http://127.0.0.1:3000/_next/static/css/app/layout.css?v=1785789581388 was preloaded using link preload but not used within a few seconds from the window's load event. Please make sure it has an appropriate `as` value and it is preloaded intentionally. @ http://127.0.0.1:3000/dashboard/boards/mobile-strategic-profile:0
[ 5437965ms] [WARNING] The resource http://127.0.0.1:3000/_next/static/css/app/layout.css?v=1785789766466 was preloaded using link preload but not used within a few seconds from the window's load event. Please make sure it has an appropriate `as` value and it is preloaded intentionally. @ http://127.0.0.1:3000/dashboard/boards/mobile-strategic-profile:0
[ 5437965ms] [WARNING] The resource http://127.0.0.1:3000/_next/static/css/app/layout.css?v=1785790686987 was preloaded using link preload but not used within a few seconds from the window's load event. Please make sure it has an appropriate `as` value and it is preloaded intentionally. @ http://127.0.0.1:3000/dashboard/boards/mobile-strategic-profile:0
[ 5494974ms] [ERROR] Failed to load resource: net::ERR_CONNECTION_REFUSED @ http://127.0.0.1:3000/api/dashboard/notifications/badges?reviewsLimit=50:0
[ 5497975ms] [WARNING] The resource http://127.0.0.1:3000/_next/static/css/app/layout.css?v=1785789581388 was preloaded using link preload but not used within a few seconds from the window's load event. Please make sure it has an appropriate `as` value and it is preloaded intentionally. @ http://127.0.0.1:3000/dashboard/boards/mobile-strategic-profile:0
[ 5497976ms] [WARNING] The resource http://127.0.0.1:3000/_next/static/css/app/layout.css?v=1785789766466 was preloaded using link preload but not used within a few seconds from the window's load event. Please make sure it has an appropriate `as` value and it is preloaded intentionally. @ http://127.0.0.1:3000/dashboard/boards/mobile-strategic-profile:0
[ 5497976ms] [WARNING] The resource http://127.0.0.1:3000/_next/static/css/app/layout.css?v=1785790686987 was preloaded using link preload but not used within a few seconds from the window's load event. Please make sure it has an appropriate `as` value and it is preloaded intentionally. @ http://127.0.0.1:3000/dashboard/boards/mobile-strategic-profile:0
[ 5500018ms] [ERROR] Failed to load resource: net::ERR_CONNECTION_REFUSED @ http://127.0.0.1:3000/api/dashboard/notifications/badges?reviewsLimit=50:0
[ 5503020ms] [WARNING] The resource http://127.0.0.1:3000/_next/static/css/app/layout.css?v=1785789581388 was preloaded using link preload but not used within a few seconds from the window's load event. Please make sure it has an appropriate `as` value and it is preloaded intentionally. @ http://127.0.0.1:3000/dashboard/boards/mobile-strategic-profile:0
[ 5503020ms] [WARNING] The resource http://127.0.0.1:3000/_next/static/css/app/layout.css?v=1785789766466 was preloaded using link preload but not used within a few seconds from the window's load event. Please make sure it has an appropriate `as` value and it is preloaded intentionally. @ http://127.0.0.1:3000/dashboard/boards/mobile-strategic-profile:0
[ 5503020ms] [WARNING] The resource http://127.0.0.1:3000/_next/static/css/app/layout.css?v=1785790686987 was preloaded using link preload but not used within a few seconds from the window's load event. Please make sure it has an appropriate `as` value and it is preloaded intentionally. @ http://127.0.0.1:3000/dashboard/boards/mobile-strategic-profile:0
[ 5520040ms] [ERROR] Failed to load resource: net::ERR_CONNECTION_REFUSED @ http://127.0.0.1:3000/api/dashboard/notifications/badges?reviewsLimit=50:0
[ 5523043ms] [WARNING] The resource http://127.0.0.1:3000/_next/static/css/app/layout.css?v=1785789581388 was preloaded using link preload but not used within a few seconds from the window's load event. Please make sure it has an appropriate `as` value and it is preloaded intentionally. @ http://127.0.0.1:3000/dashboard/boards/mobile-strategic-profile:0
[ 5523043ms] [WARNING] The resource http://127.0.0.1:3000/_next/static/css/app/layout.css?v=1785789766466 was preloaded using link preload but not used within a few seconds from the window's load event. Please make sure it has an appropriate `as` value and it is preloaded intentionally. @ http://127.0.0.1:3000/dashboard/boards/mobile-strategic-profile:0
[ 5523043ms] [WARNING] The resource http://127.0.0.1:3000/_next/static/css/app/layout.css?v=1785790686987 was preloaded using link preload but not used within a few seconds from the window's load event. Please make sure it has an appropriate `as` value and it is preloaded intentionally. @ http://127.0.0.1:3000/dashboard/boards/mobile-strategic-profile:0
[ 5540054ms] [ERROR] Failed to load resource: net::ERR_CONNECTION_REFUSED @ http://127.0.0.1:3000/api/dashboard/notifications/badges?reviewsLimit=50:0
[ 5543057ms] [WARNING] The resource http://127.0.0.1:3000/_next/static/css/app/layout.css?v=1785789581388 was preloaded using link preload but not used within a few seconds from the window's load event. Please make sure it has an appropriate `as` value and it is preloaded intentionally. @ http://127.0.0.1:3000/dashboard/boards/mobile-strategic-profile:0
[ 5543058ms] [WARNING] The resource http://127.0.0.1:3000/_next/static/css/app/layout.css?v=1785789766466 was preloaded using link preload but not used within a few seconds from the window's load event. Please make sure it has an appropriate `as` value and it is preloaded intentionally. @ http://127.0.0.1:3000/dashboard/boards/mobile-strategic-profile:0
[ 5543058ms] [WARNING] The resource http://127.0.0.1:3000/_next/static/css/app/layout.css?v=1785790686987 was preloaded using link preload but not used within a few seconds from the window's load event. Please make sure it has an appropriate `as` value and it is preloaded intentionally. @ http://127.0.0.1:3000/dashboard/boards/mobile-strategic-profile:0
