[    5986ms] [INFO] %cDownload the React DevTools for a better development experience: https://react.dev/link/react-devtools font-weight:bold @ webpack-internal:///(app-pages-browser)/./node_modules/next/dist/compiled/react-dom/cjs/react-dom-client.development.js:25630
[    6136ms] [WARNING] %c%s%c background: #e6e6e6;background: light-dark(rgba(0,0,0,0.1), rgba(255,255,255,0.25));color: #000000;color: light-dark(#000000, #ffffff);border-radius: 2px  Server   Error: Route "/dashboard/boards/mobile-strategic-profile" used `searchParams.state`. `searchParams` should be awaited before using its properties. Learn more: https://nextjs.org/docs/messages/sync-dynamic-apis
    at MobileStrategicProfilePage (about://React/Server/webpack-internal:///(rsc)/./src/app/dashboard/boards/mobile-strategic-profile/page.tsx?24:373:43)
    at resolveErrorDev (webpack-internal:///(app-pages-browser)/./node_modules/next/dist/compiled/react-server-dom-webpack/cjs/react-server-dom-webpack-client.browser.development.js:2396:46)
    at getOutlinedModel (webpack-internal:///(app-pages-browser)/./node_modules/next/dist/compiled/react-server-dom-webpack/cjs/react-server-dom-webpack-client.browser.development.js:1747:22)
    at parseModelString (webpack-internal:///(app-pages-browser)/./node_modules/next/dist/compiled/react-server-dom-webpack/cjs/react-server-dom-webpack-client.browser.development.js:1949:15)
    at Object.eval (webpack-internal:///(app-pages-browser)/./node_modules/next/dist/compiled/react-server-dom-webpack/cjs/react-server-dom-webpack-client.browser.development.js:3056:20)
    at JSON.parse (<anonymous>)
    at initializeModelChunk (webpack-internal:///(app-pages-browser)/./node_modules/next/dist/compiled/react-server-dom-webpack/cjs/react-server-dom-webpack-client.browser.development.js:1273:26)
    at getOutlinedModel (webpack-internal:///(app-pages-browser)/./node_modules/next/dist/compiled/react-server-dom-webpack/cjs/react-server-dom-webpack-client.browser.development.js:1682:11)
    at parseModelString (webpack-internal:///(app-pages-browser)/./node_modules/next/dist/compiled/react-server-dom-webpack/cjs/react-server-dom-webpack-client.browser.development.js:2043:15)
    at Array.eval (webpack-internal:///(app-pages-browser)/./node_modules/next/dist/compiled/react-server-dom-webpack/cjs/react-server-dom-webpack-client.browser.development.js:3056:20)
    at JSON.parse (<anonymous>)
    at initializeModelChunk (webpack-internal:///(app-pages-browser)/./node_modules/next/dist/compiled/react-server-dom-webpack/cjs/react-server-dom-webpack-client.browser.development.js:1273:26)
    at resolveConsoleEntry (webpack-internal:///(app-pages-browser)/./node_modules/next/dist/compiled/react-server-dom-webpack/cjs/react-server-dom-webpack-client.browser.development.js:2683:13)
    at processFullStringRow (webpack-internal:///(app-pages-browser)/./node_modules/next/dist/compiled/react-server-dom-webpack/cjs/react-server-dom-webpack-client.browser.development.js:2923:11)
    at processFullBinaryRow (webpack-internal:///(app-pages-browser)/./node_modules/next/dist/compiled/react-server-dom-webpack/cjs/react-server-dom-webpack-client.browser.development.js:2825:7)
    at processBinaryChunk (webpack-internal:///(app-pages-browser)/./node_modules/next/dist/compiled/react-server-dom-webpack/cjs/react-server-dom-webpack-client.browser.development.js:3028:15)
    at progress (webpack-internal:///(app-pages-browser)/./node_modules/next/dist/compiled/react-server-dom-webpack/cjs/react-server-dom-webpack-client.browser.development.js:3294:13) @ about://React/Server/webpack-internal:///(rsc)/./src/app/dashboard/boards/mobile-strategic-profile/page.tsx?24:372
[    6138ms] [WARNING] %c%s%c background: #e6e6e6;background: light-dark(rgba(0,0,0,0.1), rgba(255,255,255,0.25));color: #000000;color: light-dark(#000000, #ffffff);border-radius: 2px  Server   Error: Route "/dashboard/boards/mobile-strategic-profile" used `searchParams.affiliate`. `searchParams` should be awaited before using its properties. Learn more: https://nextjs.org/docs/messages/sync-dynamic-apis
    at MobileStrategicProfilePage (about://React/Server/webpack-internal:///(rsc)/./src/app/dashboard/boards/mobile-strategic-profile/page.tsx?25:374:46)
    at resolveErrorDev (webpack-internal:///(app-pages-browser)/./node_modules/next/dist/compiled/react-server-dom-webpack/cjs/react-server-dom-webpack-client.browser.development.js:2396:46)
    at getOutlinedModel (webpack-internal:///(app-pages-browser)/./node_modules/next/dist/compiled/react-server-dom-webpack/cjs/react-server-dom-webpack-client.browser.development.js:1747:22)
    at parseModelString (webpack-internal:///(app-pages-browser)/./node_modules/next/dist/compiled/react-server-dom-webpack/cjs/react-server-dom-webpack-client.browser.development.js:1949:15)
    at Object.eval (webpack-internal:///(app-pages-browser)/./node_modules/next/dist/compiled/react-server-dom-webpack/cjs/react-server-dom-webpack-client.browser.development.js:3056:20)
    at JSON.parse (<anonymous>)
    at initializeModelChunk (webpack-internal:///(app-pages-browser)/./node_modules/next/dist/compiled/react-server-dom-webpack/cjs/react-server-dom-webpack-client.browser.development.js:1273:26)
    at getOutlinedModel (webpack-internal:///(app-pages-browser)/./node_modules/next/dist/compiled/react-server-dom-webpack/cjs/react-server-dom-webpack-client.browser.development.js:1682:11)
    at parseModelString (webpack-internal:///(app-pages-browser)/./node_modules/next/dist/compiled/react-server-dom-webpack/cjs/react-server-dom-webpack-client.browser.development.js:2043:15)
    at Array.eval (webpack-internal:///(app-pages-browser)/./node_modules/next/dist/compiled/react-server-dom-webpack/cjs/react-server-dom-webpack-client.browser.development.js:3056:20)
    at JSON.parse (<anonymous>)
    at initializeModelChunk (webpack-internal:///(app-pages-browser)/./node_modules/next/dist/compiled/react-server-dom-webpack/cjs/react-server-dom-webpack-client.browser.development.js:1273:26)
    at resolveConsoleEntry (webpack-internal:///(app-pages-browser)/./node_modules/next/dist/compiled/react-server-dom-webpack/cjs/react-server-dom-webpack-client.browser.development.js:2683:13)
    at processFullStringRow (webpack-internal:///(app-pages-browser)/./node_modules/next/dist/compiled/react-server-dom-webpack/cjs/react-server-dom-webpack-client.browser.development.js:2923:11)
    at processFullBinaryRow (webpack-internal:///(app-pages-browser)/./node_modules/next/dist/compiled/react-server-dom-webpack/cjs/react-server-dom-webpack-client.browser.development.js:2825:7)
    at processBinaryChunk (webpack-internal:///(app-pages-browser)/./node_modules/next/dist/compiled/react-server-dom-webpack/cjs/react-server-dom-webpack-client.browser.development.js:3028:15)
    at progress (webpack-internal:///(app-pages-browser)/./node_modules/next/dist/compiled/react-server-dom-webpack/cjs/react-server-dom-webpack-client.browser.development.js:3294:13) @ about://React/Server/webpack-internal:///(rsc)/./src/app/dashboard/boards/mobile-strategic-profile/page.tsx?25:373
[    8165ms] [LOG] [Fast Refresh] rebuilding @ webpack-internal:///(app-pages-browser)/./node_modules/next/dist/client/dev/hot-reloader/app/hot-reloader-app.js:196
[    9211ms] [WARNING] The resource http://127.0.0.1:3000/_next/static/css/_app-pages-browser_src_app_dashboard_billing_BillingSubscribeModal_tsx.css was preloaded using link preload but not used within a few seconds from the window's load event. Please make sure it has an appropriate `as` value and it is preloaded intentionally. @ http://127.0.0.1:3000/dashboard/boards/mobile-strategic-profile:0
[   10571ms] [ERROR] Failed to load resource: the server responded with a status of 404 (Not Found) @ http://127.0.0.1:3000/api/analytics/context:0
[   10571ms] [WARNING] [ClientHooksWrapper] analytics context fetch failed Error: analytics_context_fetch_failed_404
    at ClientHooksWrapper.useEffect (webpack-internal:///(app-pages-browser)/./src/app/components/ClientHooksWrapper.tsx:97:44) @ webpack-internal:///(app-pages-browser)/./src/app/components/ClientHooksWrapper.tsx:115
[   10616ms] [LOG] [Fast Refresh] done in 2452ms @ webpack-internal:///(app-pages-browser)/./node_modules/next/dist/client/dev/report-hmr-latency.js:13
[   12111ms] [WARNING] %c%s%c background: #e6e6e6;background: light-dark(rgba(0,0,0,0.1), rgba(255,255,255,0.25));color: #000000;color: light-dark(#000000, #ffffff);border-radius: 2px  Server   Error: Route "/dashboard/boards/mobile-strategic-profile" used `searchParams.state`. `searchParams` should be awaited before using its properties. Learn more: https://nextjs.org/docs/messages/sync-dynamic-apis
    at MobileStrategicProfilePage (about://React/Server/webpack-internal:///(rsc)/./src/app/dashboard/boards/mobile-strategic-profile/page.tsx?24:373:43)
    at resolveErrorDev (webpack-internal:///(app-pages-browser)/./node_modules/next/dist/compiled/react-server-dom-webpack/cjs/react-server-dom-webpack-client.browser.development.js:2396:46)
    at getOutlinedModel (webpack-internal:///(app-pages-browser)/./node_modules/next/dist/compiled/react-server-dom-webpack/cjs/react-server-dom-webpack-client.browser.development.js:1747:22)
    at parseModelString (webpack-internal:///(app-pages-browser)/./node_modules/next/dist/compiled/react-server-dom-webpack/cjs/react-server-dom-webpack-client.browser.development.js:1949:15)
    at Object.eval (webpack-internal:///(app-pages-browser)/./node_modules/next/dist/compiled/react-server-dom-webpack/cjs/react-server-dom-webpack-client.browser.development.js:3056:20)
    at JSON.parse (<anonymous>)
    at initializeModelChunk (webpack-internal:///(app-pages-browser)/./node_modules/next/dist/compiled/react-server-dom-webpack/cjs/react-server-dom-webpack-client.browser.development.js:1273:26)
    at getOutlinedModel (webpack-internal:///(app-pages-browser)/./node_modules/next/dist/compiled/react-server-dom-webpack/cjs/react-server-dom-webpack-client.browser.development.js:1682:11)
    at parseModelString (webpack-internal:///(app-pages-browser)/./node_modules/next/dist/compiled/react-server-dom-webpack/cjs/react-server-dom-webpack-client.browser.development.js:2043:15)
    at Array.eval (webpack-internal:///(app-pages-browser)/./node_modules/next/dist/compiled/react-server-dom-webpack/cjs/react-server-dom-webpack-client.browser.development.js:3056:20)
    at JSON.parse (<anonymous>)
    at initializeModelChunk (webpack-internal:///(app-pages-browser)/./node_modules/next/dist/compiled/react-server-dom-webpack/cjs/react-server-dom-webpack-client.browser.development.js:1273:26)
    at resolveConsoleEntry (webpack-internal:///(app-pages-browser)/./node_modules/next/dist/compiled/react-server-dom-webpack/cjs/react-server-dom-webpack-client.browser.development.js:2683:13)
    at processFullStringRow (webpack-internal:///(app-pages-browser)/./node_modules/next/dist/compiled/react-server-dom-webpack/cjs/react-server-dom-webpack-client.browser.development.js:2923:11)
    at processFullBinaryRow (webpack-internal:///(app-pages-browser)/./node_modules/next/dist/compiled/react-server-dom-webpack/cjs/react-server-dom-webpack-client.browser.development.js:2825:7)
    at processBinaryChunk (webpack-internal:///(app-pages-browser)/./node_modules/next/dist/compiled/react-server-dom-webpack/cjs/react-server-dom-webpack-client.browser.development.js:3028:15)
    at progress (webpack-internal:///(app-pages-browser)/./node_modules/next/dist/compiled/react-server-dom-webpack/cjs/react-server-dom-webpack-client.browser.development.js:3294:13) @ about://React/Server/webpack-internal:///(rsc)/./src/app/dashboard/boards/mobile-strategic-profile/page.tsx?24:372
[   12111ms] [WARNING] %c%s%c background: #e6e6e6;background: light-dark(rgba(0,0,0,0.1), rgba(255,255,255,0.25));color: #000000;color: light-dark(#000000, #ffffff);border-radius: 2px  Server   Error: Route "/dashboard/boards/mobile-strategic-profile" used `searchParams.affiliate`. `searchParams` should be awaited before using its properties. Learn more: https://nextjs.org/docs/messages/sync-dynamic-apis
    at MobileStrategicProfilePage (about://React/Server/webpack-internal:///(rsc)/./src/app/dashboard/boards/mobile-strategic-profile/page.tsx?25:374:46)
    at resolveErrorDev (webpack-internal:///(app-pages-browser)/./node_modules/next/dist/compiled/react-server-dom-webpack/cjs/react-server-dom-webpack-client.browser.development.js:2396:46)
    at getOutlinedModel (webpack-internal:///(app-pages-browser)/./node_modules/next/dist/compiled/react-server-dom-webpack/cjs/react-server-dom-webpack-client.browser.development.js:1747:22)
    at parseModelString (webpack-internal:///(app-pages-browser)/./node_modules/next/dist/compiled/react-server-dom-webpack/cjs/react-server-dom-webpack-client.browser.development.js:1949:15)
    at Object.eval (webpack-internal:///(app-pages-browser)/./node_modules/next/dist/compiled/react-server-dom-webpack/cjs/react-server-dom-webpack-client.browser.development.js:3056:20)
    at JSON.parse (<anonymous>)
    at initializeModelChunk (webpack-internal:///(app-pages-browser)/./node_modules/next/dist/compiled/react-server-dom-webpack/cjs/react-server-dom-webpack-client.browser.development.js:1273:26)
    at getOutlinedModel (webpack-internal:///(app-pages-browser)/./node_modules/next/dist/compiled/react-server-dom-webpack/cjs/react-server-dom-webpack-client.browser.development.js:1682:11)
    at parseModelString (webpack-internal:///(app-pages-browser)/./node_modules/next/dist/compiled/react-server-dom-webpack/cjs/react-server-dom-webpack-client.browser.development.js:2043:15)
    at Array.eval (webpack-internal:///(app-pages-browser)/./node_modules/next/dist/compiled/react-server-dom-webpack/cjs/react-server-dom-webpack-client.browser.development.js:3056:20)
    at JSON.parse (<anonymous>)
    at initializeModelChunk (webpack-internal:///(app-pages-browser)/./node_modules/next/dist/compiled/react-server-dom-webpack/cjs/react-server-dom-webpack-client.browser.development.js:1273:26)
    at resolveConsoleEntry (webpack-internal:///(app-pages-browser)/./node_modules/next/dist/compiled/react-server-dom-webpack/cjs/react-server-dom-webpack-client.browser.development.js:2683:13)
    at processFullStringRow (webpack-internal:///(app-pages-browser)/./node_modules/next/dist/compiled/react-server-dom-webpack/cjs/react-server-dom-webpack-client.browser.development.js:2923:11)
    at processFullBinaryRow (webpack-internal:///(app-pages-browser)/./node_modules/next/dist/compiled/react-server-dom-webpack/cjs/react-server-dom-webpack-client.browser.development.js:2825:7)
    at processBinaryChunk (webpack-internal:///(app-pages-browser)/./node_modules/next/dist/compiled/react-server-dom-webpack/cjs/react-server-dom-webpack-client.browser.development.js:3028:15)
    at progress (webpack-internal:///(app-pages-browser)/./node_modules/next/dist/compiled/react-server-dom-webpack/cjs/react-server-dom-webpack-client.browser.development.js:3294:13) @ about://React/Server/webpack-internal:///(rsc)/./src/app/dashboard/boards/mobile-strategic-profile/page.tsx?25:373
[   19596ms] [LOG] [Fast Refresh] rebuilding @ webpack-internal:///(app-pages-browser)/./node_modules/next/dist/client/dev/hot-reloader/app/hot-reloader-app.js:196
[   20397ms] [LOG] [Fast Refresh] done in 802ms @ webpack-internal:///(app-pages-browser)/./node_modules/next/dist/client/dev/report-hmr-latency.js:13
[   21894ms] [WARNING] %c%s%c background: #e6e6e6;background: light-dark(rgba(0,0,0,0.1), rgba(255,255,255,0.25));color: #000000;color: light-dark(#000000, #ffffff);border-radius: 2px  Server   Error: Route "/dashboard/boards/mobile-strategic-profile" used `searchParams.state`. `searchParams` should be awaited before using its properties. Learn more: https://nextjs.org/docs/messages/sync-dynamic-apis
    at MobileStrategicProfilePage (about://React/Server/webpack-internal:///(rsc)/./src/app/dashboard/boards/mobile-strategic-profile/page.tsx?24:373:43)
    at resolveErrorDev (webpack-internal:///(app-pages-browser)/./node_modules/next/dist/compiled/react-server-dom-webpack/cjs/react-server-dom-webpack-client.browser.development.js:2396:46)
    at getOutlinedModel (webpack-internal:///(app-pages-browser)/./node_modules/next/dist/compiled/react-server-dom-webpack/cjs/react-server-dom-webpack-client.browser.development.js:1747:22)
    at parseModelString (webpack-internal:///(app-pages-browser)/./node_modules/next/dist/compiled/react-server-dom-webpack/cjs/react-server-dom-webpack-client.browser.development.js:1949:15)
    at Object.eval (webpack-internal:///(app-pages-browser)/./node_modules/next/dist/compiled/react-server-dom-webpack/cjs/react-server-dom-webpack-client.browser.development.js:3056:20)
    at JSON.parse (<anonymous>)
    at initializeModelChunk (webpack-internal:///(app-pages-browser)/./node_modules/next/dist/compiled/react-server-dom-webpack/cjs/react-server-dom-webpack-client.browser.development.js:1273:26)
    at getOutlinedModel (webpack-internal:///(app-pages-browser)/./node_modules/next/dist/compiled/react-server-dom-webpack/cjs/react-server-dom-webpack-client.browser.development.js:1682:11)
    at parseModelString (webpack-internal:///(app-pages-browser)/./node_modules/next/dist/compiled/react-server-dom-webpack/cjs/react-server-dom-webpack-client.browser.development.js:2043:15)
    at Array.eval (webpack-internal:///(app-pages-browser)/./node_modules/next/dist/compiled/react-server-dom-webpack/cjs/react-server-dom-webpack-client.browser.development.js:3056:20)
    at JSON.parse (<anonymous>)
    at initializeModelChunk (webpack-internal:///(app-pages-browser)/./node_modules/next/dist/compiled/react-server-dom-webpack/cjs/react-server-dom-webpack-client.browser.development.js:1273:26)
    at resolveConsoleEntry (webpack-internal:///(app-pages-browser)/./node_modules/next/dist/compiled/react-server-dom-webpack/cjs/react-server-dom-webpack-client.browser.development.js:2683:13)
    at processFullStringRow (webpack-internal:///(app-pages-browser)/./node_modules/next/dist/compiled/react-server-dom-webpack/cjs/react-server-dom-webpack-client.browser.development.js:2923:11)
    at processFullBinaryRow (webpack-internal:///(app-pages-browser)/./node_modules/next/dist/compiled/react-server-dom-webpack/cjs/react-server-dom-webpack-client.browser.development.js:2825:7)
    at processBinaryChunk (webpack-internal:///(app-pages-browser)/./node_modules/next/dist/compiled/react-server-dom-webpack/cjs/react-server-dom-webpack-client.browser.development.js:3028:15)
    at progress (webpack-internal:///(app-pages-browser)/./node_modules/next/dist/compiled/react-server-dom-webpack/cjs/react-server-dom-webpack-client.browser.development.js:3294:13) @ about://React/Server/webpack-internal:///(rsc)/./src/app/dashboard/boards/mobile-strategic-profile/page.tsx?24:372
[   21894ms] [WARNING] %c%s%c background: #e6e6e6;background: light-dark(rgba(0,0,0,0.1), rgba(255,255,255,0.25));color: #000000;color: light-dark(#000000, #ffffff);border-radius: 2px  Server   Error: Route "/dashboard/boards/mobile-strategic-profile" used `searchParams.affiliate`. `searchParams` should be awaited before using its properties. Learn more: https://nextjs.org/docs/messages/sync-dynamic-apis
    at MobileStrategicProfilePage (about://React/Server/webpack-internal:///(rsc)/./src/app/dashboard/boards/mobile-strategic-profile/page.tsx?25:374:46)
    at resolveErrorDev (webpack-internal:///(app-pages-browser)/./node_modules/next/dist/compiled/react-server-dom-webpack/cjs/react-server-dom-webpack-client.browser.development.js:2396:46)
    at getOutlinedModel (webpack-internal:///(app-pages-browser)/./node_modules/next/dist/compiled/react-server-dom-webpack/cjs/react-server-dom-webpack-client.browser.development.js:1747:22)
    at parseModelString (webpack-internal:///(app-pages-browser)/./node_modules/next/dist/compiled/react-server-dom-webpack/cjs/react-server-dom-webpack-client.browser.development.js:1949:15)
    at Object.eval (webpack-internal:///(app-pages-browser)/./node_modules/next/dist/compiled/react-server-dom-webpack/cjs/react-server-dom-webpack-client.browser.development.js:3056:20)
    at JSON.parse (<anonymous>)
    at initializeModelChunk (webpack-internal:///(app-pages-browser)/./node_modules/next/dist/compiled/react-server-dom-webpack/cjs/react-server-dom-webpack-client.browser.development.js:1273:26)
    at getOutlinedModel (webpack-internal:///(app-pages-browser)/./node_modules/next/dist/compiled/react-server-dom-webpack/cjs/react-server-dom-webpack-client.browser.development.js:1682:11)
    at parseModelString (webpack-internal:///(app-pages-browser)/./node_modules/next/dist/compiled/react-server-dom-webpack/cjs/react-server-dom-webpack-client.browser.development.js:2043:15)
    at Array.eval (webpack-internal:///(app-pages-browser)/./node_modules/next/dist/compiled/react-server-dom-webpack/cjs/react-server-dom-webpack-client.browser.development.js:3056:20)
    at JSON.parse (<anonymous>)
    at initializeModelChunk (webpack-internal:///(app-pages-browser)/./node_modules/next/dist/compiled/react-server-dom-webpack/cjs/react-server-dom-webpack-client.browser.development.js:1273:26)
    at resolveConsoleEntry (webpack-internal:///(app-pages-browser)/./node_modules/next/dist/compiled/react-server-dom-webpack/cjs/react-server-dom-webpack-client.browser.development.js:2683:13)
    at processFullStringRow (webpack-internal:///(app-pages-browser)/./node_modules/next/dist/compiled/react-server-dom-webpack/cjs/react-server-dom-webpack-client.browser.development.js:2923:11)
    at processFullBinaryRow (webpack-internal:///(app-pages-browser)/./node_modules/next/dist/compiled/react-server-dom-webpack/cjs/react-server-dom-webpack-client.browser.development.js:2825:7)
    at processBinaryChunk (webpack-internal:///(app-pages-browser)/./node_modules/next/dist/compiled/react-server-dom-webpack/cjs/react-server-dom-webpack-client.browser.development.js:3028:15)
    at progress (webpack-internal:///(app-pages-browser)/./node_modules/next/dist/compiled/react-server-dom-webpack/cjs/react-server-dom-webpack-client.browser.development.js:3294:13) @ about://React/Server/webpack-internal:///(rsc)/./src/app/dashboard/boards/mobile-strategic-profile/page.tsx?25:373
[   87136ms] [INFO] %cDownload the React DevTools for a better development experience: https://react.dev/link/react-devtools font-weight:bold @ webpack-internal:///(app-pages-browser)/./node_modules/next/dist/compiled/react-dom/cjs/react-dom-client.development.js:25630
[   87191ms] [WARNING] %c%s%c background: #e6e6e6;background: light-dark(rgba(0,0,0,0.1), rgba(255,255,255,0.25));color: #000000;color: light-dark(#000000, #ffffff);border-radius: 2px  Server   Error: Route "/dashboard/boards/mobile-strategic-profile" used `searchParams.state`. `searchParams` should be awaited before using its properties. Learn more: https://nextjs.org/docs/messages/sync-dynamic-apis
    at MobileStrategicProfilePage (about://React/Server/webpack-internal:///(rsc)/./src/app/dashboard/boards/mobile-strategic-profile/page.tsx?22:373:43)
    at resolveErrorDev (webpack-internal:///(app-pages-browser)/./node_modules/next/dist/compiled/react-server-dom-webpack/cjs/react-server-dom-webpack-client.browser.development.js:2396:46)
    at getOutlinedModel (webpack-internal:///(app-pages-browser)/./node_modules/next/dist/compiled/react-server-dom-webpack/cjs/react-server-dom-webpack-client.browser.development.js:1747:22)
    at parseModelString (webpack-internal:///(app-pages-browser)/./node_modules/next/dist/compiled/react-server-dom-webpack/cjs/react-server-dom-webpack-client.browser.development.js:1949:15)
    at Object.eval (webpack-internal:///(app-pages-browser)/./node_modules/next/dist/compiled/react-server-dom-webpack/cjs/react-server-dom-webpack-client.browser.development.js:3056:20)
    at JSON.parse (<anonymous>)
    at initializeModelChunk (webpack-internal:///(app-pages-browser)/./node_modules/next/dist/compiled/react-server-dom-webpack/cjs/react-server-dom-webpack-client.browser.development.js:1273:26)
    at getOutlinedModel (webpack-internal:///(app-pages-browser)/./node_modules/next/dist/compiled/react-server-dom-webpack/cjs/react-server-dom-webpack-client.browser.development.js:1682:11)
    at parseModelString (webpack-internal:///(app-pages-browser)/./node_modules/next/dist/compiled/react-server-dom-webpack/cjs/react-server-dom-webpack-client.browser.development.js:2043:15)
    at Array.eval (webpack-internal:///(app-pages-browser)/./node_modules/next/dist/compiled/react-server-dom-webpack/cjs/react-server-dom-webpack-client.browser.development.js:3056:20)
    at JSON.parse (<anonymous>)
    at initializeModelChunk (webpack-internal:///(app-pages-browser)/./node_modules/next/dist/compiled/react-server-dom-webpack/cjs/react-server-dom-webpack-client.browser.development.js:1273:26)
    at resolveConsoleEntry (webpack-internal:///(app-pages-browser)/./node_modules/next/dist/compiled/react-server-dom-webpack/cjs/react-server-dom-webpack-client.browser.development.js:2683:13)
    at processFullStringRow (webpack-internal:///(app-pages-browser)/./node_modules/next/dist/compiled/react-server-dom-webpack/cjs/react-server-dom-webpack-client.browser.development.js:2923:11)
    at processFullBinaryRow (webpack-internal:///(app-pages-browser)/./node_modules/next/dist/compiled/react-server-dom-webpack/cjs/react-server-dom-webpack-client.browser.development.js:2825:7)
    at processBinaryChunk (webpack-internal:///(app-pages-browser)/./node_modules/next/dist/compiled/react-server-dom-webpack/cjs/react-server-dom-webpack-client.browser.development.js:3028:15)
    at progress (webpack-internal:///(app-pages-browser)/./node_modules/next/dist/compiled/react-server-dom-webpack/cjs/react-server-dom-webpack-client.browser.development.js:3294:13) @ about://React/Server/webpack-internal:///(rsc)/./src/app/dashboard/boards/mobile-strategic-profile/page.tsx?22:372
[   87193ms] [WARNING] %c%s%c background: #e6e6e6;background: light-dark(rgba(0,0,0,0.1), rgba(255,255,255,0.25));color: #000000;color: light-dark(#000000, #ffffff);border-radius: 2px  Server   Error: Route "/dashboard/boards/mobile-strategic-profile" used `searchParams.affiliate`. `searchParams` should be awaited before using its properties. Learn more: https://nextjs.org/docs/messages/sync-dynamic-apis
    at MobileStrategicProfilePage (about://React/Server/webpack-internal:///(rsc)/./src/app/dashboard/boards/mobile-strategic-profile/page.tsx?23:374:46)
    at resolveErrorDev (webpack-internal:///(app-pages-browser)/./node_modules/next/dist/compiled/react-server-dom-webpack/cjs/react-server-dom-webpack-client.browser.development.js:2396:46)
    at getOutlinedModel (webpack-internal:///(app-pages-browser)/./node_modules/next/dist/compiled/react-server-dom-webpack/cjs/react-server-dom-webpack-client.browser.development.js:1747:22)
    at parseModelString (webpack-internal:///(app-pages-browser)/./node_modules/next/dist/compiled/react-server-dom-webpack/cjs/react-server-dom-webpack-client.browser.development.js:1949:15)
    at Object.eval (webpack-internal:///(app-pages-browser)/./node_modules/next/dist/compiled/react-server-dom-webpack/cjs/react-server-dom-webpack-client.browser.development.js:3056:20)
    at JSON.parse (<anonymous>)
    at initializeModelChunk (webpack-internal:///(app-pages-browser)/./node_modules/next/dist/compiled/react-server-dom-webpack/cjs/react-server-dom-webpack-client.browser.development.js:1273:26)
    at getOutlinedModel (webpack-internal:///(app-pages-browser)/./node_modules/next/dist/compiled/react-server-dom-webpack/cjs/react-server-dom-webpack-client.browser.development.js:1682:11)
    at parseModelString (webpack-internal:///(app-pages-browser)/./node_modules/next/dist/compiled/react-server-dom-webpack/cjs/react-server-dom-webpack-client.browser.development.js:2043:15)
    at Array.eval (webpack-internal:///(app-pages-browser)/./node_modules/next/dist/compiled/react-server-dom-webpack/cjs/react-server-dom-webpack-client.browser.development.js:3056:20)
    at JSON.parse (<anonymous>)
    at initializeModelChunk (webpack-internal:///(app-pages-browser)/./node_modules/next/dist/compiled/react-server-dom-webpack/cjs/react-server-dom-webpack-client.browser.development.js:1273:26)
    at resolveConsoleEntry (webpack-internal:///(app-pages-browser)/./node_modules/next/dist/compiled/react-server-dom-webpack/cjs/react-server-dom-webpack-client.browser.development.js:2683:13)
    at processFullStringRow (webpack-internal:///(app-pages-browser)/./node_modules/next/dist/compiled/react-server-dom-webpack/cjs/react-server-dom-webpack-client.browser.development.js:2923:11)
    at processFullBinaryRow (webpack-internal:///(app-pages-browser)/./node_modules/next/dist/compiled/react-server-dom-webpack/cjs/react-server-dom-webpack-client.browser.development.js:2825:7)
    at processBinaryChunk (webpack-internal:///(app-pages-browser)/./node_modules/next/dist/compiled/react-server-dom-webpack/cjs/react-server-dom-webpack-client.browser.development.js:3028:15)
    at progress (webpack-internal:///(app-pages-browser)/./node_modules/next/dist/compiled/react-server-dom-webpack/cjs/react-server-dom-webpack-client.browser.development.js:3294:13) @ about://React/Server/webpack-internal:///(rsc)/./src/app/dashboard/boards/mobile-strategic-profile/page.tsx?23:373
[   88104ms] [ERROR] Failed to load resource: the server responded with a status of 404 (Not Found) @ http://127.0.0.1:3000/api/analytics/context:0
[   88104ms] [WARNING] [ClientHooksWrapper] analytics context fetch failed Error: analytics_context_fetch_failed_404
    at ClientHooksWrapper.useEffect (webpack-internal:///(app-pages-browser)/./src/app/components/ClientHooksWrapper.tsx:97:44) @ webpack-internal:///(app-pages-browser)/./src/app/components/ClientHooksWrapper.tsx:115
[  166233ms] [INFO] %cDownload the React DevTools for a better development experience: https://react.dev/link/react-devtools font-weight:bold @ webpack-internal:///(app-pages-browser)/./node_modules/next/dist/compiled/react-dom/cjs/react-dom-client.development.js:25630
[  166280ms] [WARNING] %c%s%c background: #e6e6e6;background: light-dark(rgba(0,0,0,0.1), rgba(255,255,255,0.25));color: #000000;color: light-dark(#000000, #ffffff);border-radius: 2px  Server   Error: Route "/dashboard/boards/mobile-strategic-profile" used `searchParams.state`. `searchParams` should be awaited before using its properties. Learn more: https://nextjs.org/docs/messages/sync-dynamic-apis
    at MobileStrategicProfilePage (about://React/Server/webpack-internal:///(rsc)/./src/app/dashboard/boards/mobile-strategic-profile/page.tsx?24:373:43)
    at resolveErrorDev (webpack-internal:///(app-pages-browser)/./node_modules/next/dist/compiled/react-server-dom-webpack/cjs/react-server-dom-webpack-client.browser.development.js:2396:46)
    at getOutlinedModel (webpack-internal:///(app-pages-browser)/./node_modules/next/dist/compiled/react-server-dom-webpack/cjs/react-server-dom-webpack-client.browser.development.js:1747:22)
    at parseModelString (webpack-internal:///(app-pages-browser)/./node_modules/next/dist/compiled/react-server-dom-webpack/cjs/react-server-dom-webpack-client.browser.development.js:1949:15)
    at Object.eval (webpack-internal:///(app-pages-browser)/./node_modules/next/dist/compiled/react-server-dom-webpack/cjs/react-server-dom-webpack-client.browser.development.js:3056:20)
    at JSON.parse (<anonymous>)
    at initializeModelChunk (webpack-internal:///(app-pages-browser)/./node_modules/next/dist/compiled/react-server-dom-webpack/cjs/react-server-dom-webpack-client.browser.development.js:1273:26)
    at getOutlinedModel (webpack-internal:///(app-pages-browser)/./node_modules/next/dist/compiled/react-server-dom-webpack/cjs/react-server-dom-webpack-client.browser.development.js:1682:11)
    at parseModelString (webpack-internal:///(app-pages-browser)/./node_modules/next/dist/compiled/react-server-dom-webpack/cjs/react-server-dom-webpack-client.browser.development.js:2043:15)
    at Array.eval (webpack-internal:///(app-pages-browser)/./node_modules/next/dist/compiled/react-server-dom-webpack/cjs/react-server-dom-webpack-client.browser.development.js:3056:20)
    at JSON.parse (<anonymous>)
    at initializeModelChunk (webpack-internal:///(app-pages-browser)/./node_modules/next/dist/compiled/react-server-dom-webpack/cjs/react-server-dom-webpack-client.browser.development.js:1273:26)
    at resolveConsoleEntry (webpack-internal:///(app-pages-browser)/./node_modules/next/dist/compiled/react-server-dom-webpack/cjs/react-server-dom-webpack-client.browser.development.js:2683:13)
    at processFullStringRow (webpack-internal:///(app-pages-browser)/./node_modules/next/dist/compiled/react-server-dom-webpack/cjs/react-server-dom-webpack-client.browser.development.js:2923:11)
    at processFullBinaryRow (webpack-internal:///(app-pages-browser)/./node_modules/next/dist/compiled/react-server-dom-webpack/cjs/react-server-dom-webpack-client.browser.development.js:2825:7)
    at processBinaryChunk (webpack-internal:///(app-pages-browser)/./node_modules/next/dist/compiled/react-server-dom-webpack/cjs/react-server-dom-webpack-client.browser.development.js:3028:15)
    at progress (webpack-internal:///(app-pages-browser)/./node_modules/next/dist/compiled/react-server-dom-webpack/cjs/react-server-dom-webpack-client.browser.development.js:3294:13) @ about://React/Server/webpack-internal:///(rsc)/./src/app/dashboard/boards/mobile-strategic-profile/page.tsx?24:372
[  166282ms] [WARNING] %c%s%c background: #e6e6e6;background: light-dark(rgba(0,0,0,0.1), rgba(255,255,255,0.25));color: #000000;color: light-dark(#000000, #ffffff);border-radius: 2px  Server   Error: Route "/dashboard/boards/mobile-strategic-profile" used `searchParams.affiliate`. `searchParams` should be awaited before using its properties. Learn more: https://nextjs.org/docs/messages/sync-dynamic-apis
    at MobileStrategicProfilePage (about://React/Server/webpack-internal:///(rsc)/./src/app/dashboard/boards/mobile-strategic-profile/page.tsx?25:374:46)
    at resolveErrorDev (webpack-internal:///(app-pages-browser)/./node_modules/next/dist/compiled/react-server-dom-webpack/cjs/react-server-dom-webpack-client.browser.development.js:2396:46)
    at getOutlinedModel (webpack-internal:///(app-pages-browser)/./node_modules/next/dist/compiled/react-server-dom-webpack/cjs/react-server-dom-webpack-client.browser.development.js:1747:22)
    at parseModelString (webpack-internal:///(app-pages-browser)/./node_modules/next/dist/compiled/react-server-dom-webpack/cjs/react-server-dom-webpack-client.browser.development.js:1949:15)
    at Object.eval (webpack-internal:///(app-pages-browser)/./node_modules/next/dist/compiled/react-server-dom-webpack/cjs/react-server-dom-webpack-client.browser.development.js:3056:20)
    at JSON.parse (<anonymous>)
    at initializeModelChunk (webpack-internal:///(app-pages-browser)/./node_modules/next/dist/compiled/react-server-dom-webpack/cjs/react-server-dom-webpack-client.browser.development.js:1273:26)
    at getOutlinedModel (webpack-internal:///(app-pages-browser)/./node_modules/next/dist/compiled/react-server-dom-webpack/cjs/react-server-dom-webpack-client.browser.development.js:1682:11)
    at parseModelString (webpack-internal:///(app-pages-browser)/./node_modules/next/dist/compiled/react-server-dom-webpack/cjs/react-server-dom-webpack-client.browser.development.js:2043:15)
    at Array.eval (webpack-internal:///(app-pages-browser)/./node_modules/next/dist/compiled/react-server-dom-webpack/cjs/react-server-dom-webpack-client.browser.development.js:3056:20)
    at JSON.parse (<anonymous>)
    at initializeModelChunk (webpack-internal:///(app-pages-browser)/./node_modules/next/dist/compiled/react-server-dom-webpack/cjs/react-server-dom-webpack-client.browser.development.js:1273:26)
    at resolveConsoleEntry (webpack-internal:///(app-pages-browser)/./node_modules/next/dist/compiled/react-server-dom-webpack/cjs/react-server-dom-webpack-client.browser.development.js:2683:13)
    at processFullStringRow (webpack-internal:///(app-pages-browser)/./node_modules/next/dist/compiled/react-server-dom-webpack/cjs/react-server-dom-webpack-client.browser.development.js:2923:11)
    at processFullBinaryRow (webpack-internal:///(app-pages-browser)/./node_modules/next/dist/compiled/react-server-dom-webpack/cjs/react-server-dom-webpack-client.browser.development.js:2825:7)
    at processBinaryChunk (webpack-internal:///(app-pages-browser)/./node_modules/next/dist/compiled/react-server-dom-webpack/cjs/react-server-dom-webpack-client.browser.development.js:3028:15)
    at progress (webpack-internal:///(app-pages-browser)/./node_modules/next/dist/compiled/react-server-dom-webpack/cjs/react-server-dom-webpack-client.browser.development.js:3294:13) @ about://React/Server/webpack-internal:///(rsc)/./src/app/dashboard/boards/mobile-strategic-profile/page.tsx?25:373
[  167162ms] [ERROR] Failed to load resource: the server responded with a status of 404 (Not Found) @ http://127.0.0.1:3000/api/analytics/context:0
[  167163ms] [WARNING] [ClientHooksWrapper] analytics context fetch failed Error: analytics_context_fetch_failed_404
    at ClientHooksWrapper.useEffect (webpack-internal:///(app-pages-browser)/./src/app/components/ClientHooksWrapper.tsx:97:44) @ webpack-internal:///(app-pages-browser)/./src/app/components/ClientHooksWrapper.tsx:115
[  186784ms] [LOG] [Fast Refresh] rebuilding @ webpack-internal:///(app-pages-browser)/./node_modules/next/dist/client/dev/hot-reloader/app/hot-reloader-app.js:196
[  195817ms] [LOG] [Fast Refresh] rebuilding @ webpack-internal:///(app-pages-browser)/./node_modules/next/dist/client/dev/hot-reloader/app/hot-reloader-app.js:196
[  195996ms] [LOG] [Fast Refresh] done in 177ms @ webpack-internal:///(app-pages-browser)/./node_modules/next/dist/client/dev/report-hmr-latency.js:13
[  342682ms] [LOG] [Fast Refresh] done in 146861ms @ webpack-internal:///(app-pages-browser)/./node_modules/next/dist/client/dev/report-hmr-latency.js:13
[  347207ms] [LOG] [Fast Refresh] rebuilding @ webpack-internal:///(app-pages-browser)/./node_modules/next/dist/client/dev/hot-reloader/app/hot-reloader-app.js:196
[  731393ms] [LOG] [Fast Refresh] done in 384183ms @ webpack-internal:///(app-pages-browser)/./node_modules/next/dist/client/dev/report-hmr-latency.js:13
[ 1003521ms] [LOG] [Fast Refresh] rebuilding @ webpack-internal:///(app-pages-browser)/./node_modules/next/dist/client/dev/hot-reloader/app/hot-reloader-app.js:196
[ 1024613ms] [LOG] [Fast Refresh] done in 21089ms @ webpack-internal:///(app-pages-browser)/./node_modules/next/dist/client/dev/report-hmr-latency.js:13
[ 1055063ms] [ERROR] Failed to load resource: the server responded with a status of 500 (Internal Server Error) @ http://127.0.0.1:3000/api/billing/prices:0
[ 1055156ms] [ERROR] Failed to load resource: the server responded with a status of 500 (Internal Server Error) @ http://127.0.0.1:3000/api/plan/status:0
[ 1055192ms] [ERROR] Failed to load resource: the server responded with a status of 500 (Internal Server Error) @ http://127.0.0.1:3000/api/dashboard/notifications/badges?reviewsLimit=50:0
[ 1058588ms] [ERROR] Failed to load resource: the server responded with a status of 500 (Internal Server Error) @ http://127.0.0.1:3000/dashboard/boards/mobile-strategic-profile?_rsc=nwcfJkuLdl4Zuyun:0
[ 1220868ms] [WARNING] %c%s%c background: #e6e6e6;background: light-dark(rgba(0,0,0,0.1), rgba(255,255,255,0.25));color: #000000;color: light-dark(#000000, #ffffff);border-radius: 2px  Server   Error: Route "/dashboard/boards/mobile-strategic-profile" used `searchParams.state`. `searchParams` should be awaited before using its properties. Learn more: https://nextjs.org/docs/messages/sync-dynamic-apis
    at MobileStrategicProfilePage (about://React/Server/webpack-internal:///(rsc)/./src/app/dashboard/boards/mobile-strategic-profile/page.tsx?24:373:43)
    at resolveErrorDev (webpack-internal:///(app-pages-browser)/./node_modules/next/dist/compiled/react-server-dom-webpack/cjs/react-server-dom-webpack-client.browser.development.js:2396:46)
    at getOutlinedModel (webpack-internal:///(app-pages-browser)/./node_modules/next/dist/compiled/react-server-dom-webpack/cjs/react-server-dom-webpack-client.browser.development.js:1747:22)
    at parseModelString (webpack-internal:///(app-pages-browser)/./node_modules/next/dist/compiled/react-server-dom-webpack/cjs/react-server-dom-webpack-client.browser.development.js:1949:15)
    at Object.eval (webpack-internal:///(app-pages-browser)/./node_modules/next/dist/compiled/react-server-dom-webpack/cjs/react-server-dom-webpack-client.browser.development.js:3056:20)
    at JSON.parse (<anonymous>)
    at initializeModelChunk (webpack-internal:///(app-pages-browser)/./node_modules/next/dist/compiled/react-server-dom-webpack/cjs/react-server-dom-webpack-client.browser.development.js:1273:26)
    at getOutlinedModel (webpack-internal:///(app-pages-browser)/./node_modules/next/dist/compiled/react-server-dom-webpack/cjs/react-server-dom-webpack-client.browser.development.js:1682:11)
    at parseModelString (webpack-internal:///(app-pages-browser)/./node_modules/next/dist/compiled/react-server-dom-webpack/cjs/react-server-dom-webpack-client.browser.development.js:2043:15)
    at Array.eval (webpack-internal:///(app-pages-browser)/./node_modules/next/dist/compiled/react-server-dom-webpack/cjs/react-server-dom-webpack-client.browser.development.js:3056:20)
    at JSON.parse (<anonymous>)
    at initializeModelChunk (webpack-internal:///(app-pages-browser)/./node_modules/next/dist/compiled/react-server-dom-webpack/cjs/react-server-dom-webpack-client.browser.development.js:1273:26)
    at resolveConsoleEntry (webpack-internal:///(app-pages-browser)/./node_modules/next/dist/compiled/react-server-dom-webpack/cjs/react-server-dom-webpack-client.browser.development.js:2683:13)
    at processFullStringRow (webpack-internal:///(app-pages-browser)/./node_modules/next/dist/compiled/react-server-dom-webpack/cjs/react-server-dom-webpack-client.browser.development.js:2923:11)
    at processFullBinaryRow (webpack-internal:///(app-pages-browser)/./node_modules/next/dist/compiled/react-server-dom-webpack/cjs/react-server-dom-webpack-client.browser.development.js:2825:7)
    at processBinaryChunk (webpack-internal:///(app-pages-browser)/./node_modules/next/dist/compiled/react-server-dom-webpack/cjs/react-server-dom-webpack-client.browser.development.js:3028:15)
    at progress (webpack-internal:///(app-pages-browser)/./node_modules/next/dist/compiled/react-server-dom-webpack/cjs/react-server-dom-webpack-client.browser.development.js:3294:13) @ about://React/Server/webpack-internal:///(rsc)/./src/app/dashboard/boards/mobile-strategic-profile/page.tsx?24:372
[ 1220902ms] [WARNING] %c%s%c background: #e6e6e6;background: light-dark(rgba(0,0,0,0.1), rgba(255,255,255,0.25));color: #000000;color: light-dark(#000000, #ffffff);border-radius: 2px  Server   Error: Route "/dashboard/boards/mobile-strategic-profile" used `searchParams.affiliate`. `searchParams` should be awaited before using its properties. Learn more: https://nextjs.org/docs/messages/sync-dynamic-apis
    at MobileStrategicProfilePage (about://React/Server/webpack-internal:///(rsc)/./src/app/dashboard/boards/mobile-strategic-profile/page.tsx?25:374:46)
    at resolveErrorDev (webpack-internal:///(app-pages-browser)/./node_modules/next/dist/compiled/react-server-dom-webpack/cjs/react-server-dom-webpack-client.browser.development.js:2396:46)
    at getOutlinedModel (webpack-internal:///(app-pages-browser)/./node_modules/next/dist/compiled/react-server-dom-webpack/cjs/react-server-dom-webpack-client.browser.development.js:1747:22)
    at parseModelString (webpack-internal:///(app-pages-browser)/./node_modules/next/dist/compiled/react-server-dom-webpack/cjs/react-server-dom-webpack-client.browser.development.js:1949:15)
    at Object.eval (webpack-internal:///(app-pages-browser)/./node_modules/next/dist/compiled/react-server-dom-webpack/cjs/react-server-dom-webpack-client.browser.development.js:3056:20)
    at JSON.parse (<anonymous>)
    at initializeModelChunk (webpack-internal:///(app-pages-browser)/./node_modules/next/dist/compiled/react-server-dom-webpack/cjs/react-server-dom-webpack-client.browser.development.js:1273:26)
    at getOutlinedModel (webpack-internal:///(app-pages-browser)/./node_modules/next/dist/compiled/react-server-dom-webpack/cjs/react-server-dom-webpack-client.browser.development.js:1682:11)
    at parseModelString (webpack-internal:///(app-pages-browser)/./node_modules/next/dist/compiled/react-server-dom-webpack/cjs/react-server-dom-webpack-client.browser.development.js:2043:15)
    at Array.eval (webpack-internal:///(app-pages-browser)/./node_modules/next/dist/compiled/react-server-dom-webpack/cjs/react-server-dom-webpack-client.browser.development.js:3056:20)
    at JSON.parse (<anonymous>)
    at initializeModelChunk (webpack-internal:///(app-pages-browser)/./node_modules/next/dist/compiled/react-server-dom-webpack/cjs/react-server-dom-webpack-client.browser.development.js:1273:26)
    at resolveConsoleEntry (webpack-internal:///(app-pages-browser)/./node_modules/next/dist/compiled/react-server-dom-webpack/cjs/react-server-dom-webpack-client.browser.development.js:2683:13)
    at processFullStringRow (webpack-internal:///(app-pages-browser)/./node_modules/next/dist/compiled/react-server-dom-webpack/cjs/react-server-dom-webpack-client.browser.development.js:2923:11)
    at processFullBinaryRow (webpack-internal:///(app-pages-browser)/./node_modules/next/dist/compiled/react-server-dom-webpack/cjs/react-server-dom-webpack-client.browser.development.js:2825:7)
    at processBinaryChunk (webpack-internal:///(app-pages-browser)/./node_modules/next/dist/compiled/react-server-dom-webpack/cjs/react-server-dom-webpack-client.browser.development.js:3028:15)
    at progress (webpack-internal:///(app-pages-browser)/./node_modules/next/dist/compiled/react-server-dom-webpack/cjs/react-server-dom-webpack-client.browser.development.js:3294:13) @ about://React/Server/webpack-internal:///(rsc)/./src/app/dashboard/boards/mobile-strategic-profile/page.tsx?25:373
[ 1221120ms] [LOG] [Fast Refresh] rebuilding @ webpack-internal:///(app-pages-browser)/./node_modules/next/dist/client/dev/hot-reloader/app/hot-reloader-app.js:196
[ 1258885ms] [LOG] [Fast Refresh] done in 37766ms @ webpack-internal:///(app-pages-browser)/./node_modules/next/dist/client/dev/report-hmr-latency.js:13
[ 1258954ms] [WARNING] %c%s%c background: #e6e6e6;background: light-dark(rgba(0,0,0,0.1), rgba(255,255,255,0.25));color: #000000;color: light-dark(#000000, #ffffff);border-radius: 2px  Server   Error: Route "/dashboard/boards/mobile-strategic-profile" used `searchParams.state`. `searchParams` should be awaited before using its properties. Learn more: https://nextjs.org/docs/messages/sync-dynamic-apis
    at MobileStrategicProfilePage (about://React/Server/webpack-internal:///(rsc)/./src/app/dashboard/boards/mobile-strategic-profile/page.tsx?24:373:43)
    at resolveErrorDev (webpack-internal:///(app-pages-browser)/./node_modules/next/dist/compiled/react-server-dom-webpack/cjs/react-server-dom-webpack-client.browser.development.js:2396:46)
    at getOutlinedModel (webpack-internal:///(app-pages-browser)/./node_modules/next/dist/compiled/react-server-dom-webpack/cjs/react-server-dom-webpack-client.browser.development.js:1747:22)
    at parseModelString (webpack-internal:///(app-pages-browser)/./node_modules/next/dist/compiled/react-server-dom-webpack/cjs/react-server-dom-webpack-client.browser.development.js:1949:15)
    at Object.eval (webpack-internal:///(app-pages-browser)/./node_modules/next/dist/compiled/react-server-dom-webpack/cjs/react-server-dom-webpack-client.browser.development.js:3056:20)
    at JSON.parse (<anonymous>)
    at initializeModelChunk (webpack-internal:///(app-pages-browser)/./node_modules/next/dist/compiled/react-server-dom-webpack/cjs/react-server-dom-webpack-client.browser.development.js:1273:26)
    at getOutlinedModel (webpack-internal:///(app-pages-browser)/./node_modules/next/dist/compiled/react-server-dom-webpack/cjs/react-server-dom-webpack-client.browser.development.js:1682:11)
    at parseModelString (webpack-internal:///(app-pages-browser)/./node_modules/next/dist/compiled/react-server-dom-webpack/cjs/react-server-dom-webpack-client.browser.development.js:2043:15)
    at Array.eval (webpack-internal:///(app-pages-browser)/./node_modules/next/dist/compiled/react-server-dom-webpack/cjs/react-server-dom-webpack-client.browser.development.js:3056:20)
    at JSON.parse (<anonymous>)
    at initializeModelChunk (webpack-internal:///(app-pages-browser)/./node_modules/next/dist/compiled/react-server-dom-webpack/cjs/react-server-dom-webpack-client.browser.development.js:1273:26)
    at resolveConsoleEntry (webpack-internal:///(app-pages-browser)/./node_modules/next/dist/compiled/react-server-dom-webpack/cjs/react-server-dom-webpack-client.browser.development.js:2683:13)
    at processFullStringRow (webpack-internal:///(app-pages-browser)/./node_modules/next/dist/compiled/react-server-dom-webpack/cjs/react-server-dom-webpack-client.browser.development.js:2923:11)
    at processFullBinaryRow (webpack-internal:///(app-pages-browser)/./node_modules/next/dist/compiled/react-server-dom-webpack/cjs/react-server-dom-webpack-client.browser.development.js:2825:7)
    at processBinaryChunk (webpack-internal:///(app-pages-browser)/./node_modules/next/dist/compiled/react-server-dom-webpack/cjs/react-server-dom-webpack-client.browser.development.js:3028:15)
    at progress (webpack-internal:///(app-pages-browser)/./node_modules/next/dist/compiled/react-server-dom-webpack/cjs/react-server-dom-webpack-client.browser.development.js:3294:13) @ about://React/Server/webpack-internal:///(rsc)/./src/app/dashboard/boards/mobile-strategic-profile/page.tsx?24:372
[ 1258964ms] [WARNING] %c%s%c background: #e6e6e6;background: light-dark(rgba(0,0,0,0.1), rgba(255,255,255,0.25));color: #000000;color: light-dark(#000000, #ffffff);border-radius: 2px  Server   Error: Route "/dashboard/boards/mobile-strategic-profile" used `searchParams.affiliate`. `searchParams` should be awaited before using its properties. Learn more: https://nextjs.org/docs/messages/sync-dynamic-apis
    at MobileStrategicProfilePage (about://React/Server/webpack-internal:///(rsc)/./src/app/dashboard/boards/mobile-strategic-profile/page.tsx?25:374:46)
    at resolveErrorDev (webpack-internal:///(app-pages-browser)/./node_modules/next/dist/compiled/react-server-dom-webpack/cjs/react-server-dom-webpack-client.browser.development.js:2396:46)
    at getOutlinedModel (webpack-internal:///(app-pages-browser)/./node_modules/next/dist/compiled/react-server-dom-webpack/cjs/react-server-dom-webpack-client.browser.development.js:1747:22)
    at parseModelString (webpack-internal:///(app-pages-browser)/./node_modules/next/dist/compiled/react-server-dom-webpack/cjs/react-server-dom-webpack-client.browser.development.js:1949:15)
    at Object.eval (webpack-internal:///(app-pages-browser)/./node_modules/next/dist/compiled/react-server-dom-webpack/cjs/react-server-dom-webpack-client.browser.development.js:3056:20)
    at JSON.parse (<anonymous>)
    at initializeModelChunk (webpack-internal:///(app-pages-browser)/./node_modules/next/dist/compiled/react-server-dom-webpack/cjs/react-server-dom-webpack-client.browser.development.js:1273:26)
    at getOutlinedModel (webpack-internal:///(app-pages-browser)/./node_modules/next/dist/compiled/react-server-dom-webpack/cjs/react-server-dom-webpack-client.browser.development.js:1682:11)
    at parseModelString (webpack-internal:///(app-pages-browser)/./node_modules/next/dist/compiled/react-server-dom-webpack/cjs/react-server-dom-webpack-client.browser.development.js:2043:15)
    at Array.eval (webpack-internal:///(app-pages-browser)/./node_modules/next/dist/compiled/react-server-dom-webpack/cjs/react-server-dom-webpack-client.browser.development.js:3056:20)
    at JSON.parse (<anonymous>)
    at initializeModelChunk (webpack-internal:///(app-pages-browser)/./node_modules/next/dist/compiled/react-server-dom-webpack/cjs/react-server-dom-webpack-client.browser.development.js:1273:26)
    at resolveConsoleEntry (webpack-internal:///(app-pages-browser)/./node_modules/next/dist/compiled/react-server-dom-webpack/cjs/react-server-dom-webpack-client.browser.development.js:2683:13)
    at processFullStringRow (webpack-internal:///(app-pages-browser)/./node_modules/next/dist/compiled/react-server-dom-webpack/cjs/react-server-dom-webpack-client.browser.development.js:2923:11)
    at processFullBinaryRow (webpack-internal:///(app-pages-browser)/./node_modules/next/dist/compiled/react-server-dom-webpack/cjs/react-server-dom-webpack-client.browser.development.js:2825:7)
    at processBinaryChunk (webpack-internal:///(app-pages-browser)/./node_modules/next/dist/compiled/react-server-dom-webpack/cjs/react-server-dom-webpack-client.browser.development.js:3028:15)
    at progress (webpack-internal:///(app-pages-browser)/./node_modules/next/dist/compiled/react-server-dom-webpack/cjs/react-server-dom-webpack-client.browser.development.js:3294:13) @ about://React/Server/webpack-internal:///(rsc)/./src/app/dashboard/boards/mobile-strategic-profile/page.tsx?25:373
[ 1354854ms] [WARNING] %c%s%c background: #e6e6e6;background: light-dark(rgba(0,0,0,0.1), rgba(255,255,255,0.25));color: #000000;color: light-dark(#000000, #ffffff);border-radius: 2px  Server   Error: Route "/dashboard/boards/mobile-strategic-profile" used `searchParams.state`. `searchParams` should be awaited before using its properties. Learn more: https://nextjs.org/docs/messages/sync-dynamic-apis
    at MobileStrategicProfilePage (about://React/Server/webpack-internal:///(rsc)/./src/app/dashboard/boards/mobile-strategic-profile/page.tsx?24:373:43)
    at resolveErrorDev (webpack-internal:///(app-pages-browser)/./node_modules/next/dist/compiled/react-server-dom-webpack/cjs/react-server-dom-webpack-client.browser.development.js:2396:46)
    at getOutlinedModel (webpack-internal:///(app-pages-browser)/./node_modules/next/dist/compiled/react-server-dom-webpack/cjs/react-server-dom-webpack-client.browser.development.js:1747:22)
    at parseModelString (webpack-internal:///(app-pages-browser)/./node_modules/next/dist/compiled/react-server-dom-webpack/cjs/react-server-dom-webpack-client.browser.development.js:1949:15)
    at Object.eval (webpack-internal:///(app-pages-browser)/./node_modules/next/dist/compiled/react-server-dom-webpack/cjs/react-server-dom-webpack-client.browser.development.js:3056:20)
    at JSON.parse (<anonymous>)
    at initializeModelChunk (webpack-internal:///(app-pages-browser)/./node_modules/next/dist/compiled/react-server-dom-webpack/cjs/react-server-dom-webpack-client.browser.development.js:1273:26)
    at getOutlinedModel (webpack-internal:///(app-pages-browser)/./node_modules/next/dist/compiled/react-server-dom-webpack/cjs/react-server-dom-webpack-client.browser.development.js:1682:11)
    at parseModelString (webpack-internal:///(app-pages-browser)/./node_modules/next/dist/compiled/react-server-dom-webpack/cjs/react-server-dom-webpack-client.browser.development.js:2043:15)
    at Array.eval (webpack-internal:///(app-pages-browser)/./node_modules/next/dist/compiled/react-server-dom-webpack/cjs/react-server-dom-webpack-client.browser.development.js:3056:20)
    at JSON.parse (<anonymous>)
    at initializeModelChunk (webpack-internal:///(app-pages-browser)/./node_modules/next/dist/compiled/react-server-dom-webpack/cjs/react-server-dom-webpack-client.browser.development.js:1273:26)
    at resolveConsoleEntry (webpack-internal:///(app-pages-browser)/./node_modules/next/dist/compiled/react-server-dom-webpack/cjs/react-server-dom-webpack-client.browser.development.js:2683:13)
    at processFullStringRow (webpack-internal:///(app-pages-browser)/./node_modules/next/dist/compiled/react-server-dom-webpack/cjs/react-server-dom-webpack-client.browser.development.js:2923:11)
    at processFullBinaryRow (webpack-internal:///(app-pages-browser)/./node_modules/next/dist/compiled/react-server-dom-webpack/cjs/react-server-dom-webpack-client.browser.development.js:2825:7)
    at processBinaryChunk (webpack-internal:///(app-pages-browser)/./node_modules/next/dist/compiled/react-server-dom-webpack/cjs/react-server-dom-webpack-client.browser.development.js:3028:15)
    at progress (webpack-internal:///(app-pages-browser)/./node_modules/next/dist/compiled/react-server-dom-webpack/cjs/react-server-dom-webpack-client.browser.development.js:3294:13) @ about://React/Server/webpack-internal:///(rsc)/./src/app/dashboard/boards/mobile-strategic-profile/page.tsx?24:372
[ 1354859ms] [WARNING] %c%s%c background: #e6e6e6;background: light-dark(rgba(0,0,0,0.1), rgba(255,255,255,0.25));color: #000000;color: light-dark(#000000, #ffffff);border-radius: 2px  Server   Error: Route "/dashboard/boards/mobile-strategic-profile" used `searchParams.affiliate`. `searchParams` should be awaited before using its properties. Learn more: https://nextjs.org/docs/messages/sync-dynamic-apis
    at MobileStrategicProfilePage (about://React/Server/webpack-internal:///(rsc)/./src/app/dashboard/boards/mobile-strategic-profile/page.tsx?25:374:46)
    at resolveErrorDev (webpack-internal:///(app-pages-browser)/./node_modules/next/dist/compiled/react-server-dom-webpack/cjs/react-server-dom-webpack-client.browser.development.js:2396:46)
    at getOutlinedModel (webpack-internal:///(app-pages-browser)/./node_modules/next/dist/compiled/react-server-dom-webpack/cjs/react-server-dom-webpack-client.browser.development.js:1747:22)
    at parseModelString (webpack-internal:///(app-pages-browser)/./node_modules/next/dist/compiled/react-server-dom-webpack/cjs/react-server-dom-webpack-client.browser.development.js:1949:15)
    at Object.eval (webpack-internal:///(app-pages-browser)/./node_modules/next/dist/compiled/react-server-dom-webpack/cjs/react-server-dom-webpack-client.browser.development.js:3056:20)
    at JSON.parse (<anonymous>)
    at initializeModelChunk (webpack-internal:///(app-pages-browser)/./node_modules/next/dist/compiled/react-server-dom-webpack/cjs/react-server-dom-webpack-client.browser.development.js:1273:26)
    at getOutlinedModel (webpack-internal:///(app-pages-browser)/./node_modules/next/dist/compiled/react-server-dom-webpack/cjs/react-server-dom-webpack-client.browser.development.js:1682:11)
    at parseModelString (webpack-internal:///(app-pages-browser)/./node_modules/next/dist/compiled/react-server-dom-webpack/cjs/react-server-dom-webpack-client.browser.development.js:2043:15)
    at Array.eval (webpack-internal:///(app-pages-browser)/./node_modules/next/dist/compiled/react-server-dom-webpack/cjs/react-server-dom-webpack-client.browser.development.js:3056:20)
    at JSON.parse (<anonymous>)
    at initializeModelChunk (webpack-internal:///(app-pages-browser)/./node_modules/next/dist/compiled/react-server-dom-webpack/cjs/react-server-dom-webpack-client.browser.development.js:1273:26)
    at resolveConsoleEntry (webpack-internal:///(app-pages-browser)/./node_modules/next/dist/compiled/react-server-dom-webpack/cjs/react-server-dom-webpack-client.browser.development.js:2683:13)
    at processFullStringRow (webpack-internal:///(app-pages-browser)/./node_modules/next/dist/compiled/react-server-dom-webpack/cjs/react-server-dom-webpack-client.browser.development.js:2923:11)
    at processFullBinaryRow (webpack-internal:///(app-pages-browser)/./node_modules/next/dist/compiled/react-server-dom-webpack/cjs/react-server-dom-webpack-client.browser.development.js:2825:7)
    at processBinaryChunk (webpack-internal:///(app-pages-browser)/./node_modules/next/dist/compiled/react-server-dom-webpack/cjs/react-server-dom-webpack-client.browser.development.js:3028:15)
    at progress (webpack-internal:///(app-pages-browser)/./node_modules/next/dist/compiled/react-server-dom-webpack/cjs/react-server-dom-webpack-client.browser.development.js:3294:13) @ about://React/Server/webpack-internal:///(rsc)/./src/app/dashboard/boards/mobile-strategic-profile/page.tsx?25:373
[ 1356974ms] [WARNING] %c%s%c background: #e6e6e6;background: light-dark(rgba(0,0,0,0.1), rgba(255,255,255,0.25));color: #000000;color: light-dark(#000000, #ffffff);border-radius: 2px  Server   Error: Route "/dashboard/boards/mobile-strategic-profile" used `searchParams.state`. `searchParams` should be awaited before using its properties. Learn more: https://nextjs.org/docs/messages/sync-dynamic-apis
    at MobileStrategicProfilePage (about://React/Server/webpack-internal:///(rsc)/./src/app/dashboard/boards/mobile-strategic-profile/page.tsx?24:373:43)
    at resolveErrorDev (webpack-internal:///(app-pages-browser)/./node_modules/next/dist/compiled/react-server-dom-webpack/cjs/react-server-dom-webpack-client.browser.development.js:2396:46)
    at getOutlinedModel (webpack-internal:///(app-pages-browser)/./node_modules/next/dist/compiled/react-server-dom-webpack/cjs/react-server-dom-webpack-client.browser.development.js:1747:22)
    at parseModelString (webpack-internal:///(app-pages-browser)/./node_modules/next/dist/compiled/react-server-dom-webpack/cjs/react-server-dom-webpack-client.browser.development.js:1949:15)
    at Object.eval (webpack-internal:///(app-pages-browser)/./node_modules/next/dist/compiled/react-server-dom-webpack/cjs/react-server-dom-webpack-client.browser.development.js:3056:20)
    at JSON.parse (<anonymous>)
    at initializeModelChunk (webpack-internal:///(app-pages-browser)/./node_modules/next/dist/compiled/react-server-dom-webpack/cjs/react-server-dom-webpack-client.browser.development.js:1273:26)
    at getOutlinedModel (webpack-internal:///(app-pages-browser)/./node_modules/next/dist/compiled/react-server-dom-webpack/cjs/react-server-dom-webpack-client.browser.development.js:1682:11)
    at parseModelString (webpack-internal:///(app-pages-browser)/./node_modules/next/dist/compiled/react-server-dom-webpack/cjs/react-server-dom-webpack-client.browser.development.js:2043:15)
    at Array.eval (webpack-internal:///(app-pages-browser)/./node_modules/next/dist/compiled/react-server-dom-webpack/cjs/react-server-dom-webpack-client.browser.development.js:3056:20)
    at JSON.parse (<anonymous>)
    at initializeModelChunk (webpack-internal:///(app-pages-browser)/./node_modules/next/dist/compiled/react-server-dom-webpack/cjs/react-server-dom-webpack-client.browser.development.js:1273:26)
    at resolveConsoleEntry (webpack-internal:///(app-pages-browser)/./node_modules/next/dist/compiled/react-server-dom-webpack/cjs/react-server-dom-webpack-client.browser.development.js:2683:13)
    at processFullStringRow (webpack-internal:///(app-pages-browser)/./node_modules/next/dist/compiled/react-server-dom-webpack/cjs/react-server-dom-webpack-client.browser.development.js:2923:11)
    at processFullBinaryRow (webpack-internal:///(app-pages-browser)/./node_modules/next/dist/compiled/react-server-dom-webpack/cjs/react-server-dom-webpack-client.browser.development.js:2825:7)
    at processBinaryChunk (webpack-internal:///(app-pages-browser)/./node_modules/next/dist/compiled/react-server-dom-webpack/cjs/react-server-dom-webpack-client.browser.development.js:3028:15)
    at progress (webpack-internal:///(app-pages-browser)/./node_modules/next/dist/compiled/react-server-dom-webpack/cjs/react-server-dom-webpack-client.browser.development.js:3294:13) @ about://React/Server/webpack-internal:///(rsc)/./src/app/dashboard/boards/mobile-strategic-profile/page.tsx?24:372
[ 1356978ms] [WARNING] %c%s%c background: #e6e6e6;background: light-dark(rgba(0,0,0,0.1), rgba(255,255,255,0.25));color: #000000;color: light-dark(#000000, #ffffff);border-radius: 2px  Server   Error: Route "/dashboard/boards/mobile-strategic-profile" used `searchParams.affiliate`. `searchParams` should be awaited before using its properties. Learn more: https://nextjs.org/docs/messages/sync-dynamic-apis
    at MobileStrategicProfilePage (about://React/Server/webpack-internal:///(rsc)/./src/app/dashboard/boards/mobile-strategic-profile/page.tsx?25:374:46)
    at resolveErrorDev (webpack-internal:///(app-pages-browser)/./node_modules/next/dist/compiled/react-server-dom-webpack/cjs/react-server-dom-webpack-client.browser.development.js:2396:46)
    at getOutlinedModel (webpack-internal:///(app-pages-browser)/./node_modules/next/dist/compiled/react-server-dom-webpack/cjs/react-server-dom-webpack-client.browser.development.js:1747:22)
    at parseModelString (webpack-internal:///(app-pages-browser)/./node_modules/next/dist/compiled/react-server-dom-webpack/cjs/react-server-dom-webpack-client.browser.development.js:1949:15)
    at Object.eval (webpack-internal:///(app-pages-browser)/./node_modules/next/dist/compiled/react-server-dom-webpack/cjs/react-server-dom-webpack-client.browser.development.js:3056:20)
    at JSON.parse (<anonymous>)
    at initializeModelChunk (webpack-internal:///(app-pages-browser)/./node_modules/next/dist/compiled/react-server-dom-webpack/cjs/react-server-dom-webpack-client.browser.development.js:1273:26)
    at getOutlinedModel (webpack-internal:///(app-pages-browser)/./node_modules/next/dist/compiled/react-server-dom-webpack/cjs/react-server-dom-webpack-client.browser.development.js:1682:11)
    at parseModelString (webpack-internal:///(app-pages-browser)/./node_modules/next/dist/compiled/react-server-dom-webpack/cjs/react-server-dom-webpack-client.browser.development.js:2043:15)
    at Array.eval (webpack-internal:///(app-pages-browser)/./node_modules/next/dist/compiled/react-server-dom-webpack/cjs/react-server-dom-webpack-client.browser.development.js:3056:20)
    at JSON.parse (<anonymous>)
    at initializeModelChunk (webpack-internal:///(app-pages-browser)/./node_modules/next/dist/compiled/react-server-dom-webpack/cjs/react-server-dom-webpack-client.browser.development.js:1273:26)
    at resolveConsoleEntry (webpack-internal:///(app-pages-browser)/./node_modules/next/dist/compiled/react-server-dom-webpack/cjs/react-server-dom-webpack-client.browser.development.js:2683:13)
    at processFullStringRow (webpack-internal:///(app-pages-browser)/./node_modules/next/dist/compiled/react-server-dom-webpack/cjs/react-server-dom-webpack-client.browser.development.js:2923:11)
    at processFullBinaryRow (webpack-internal:///(app-pages-browser)/./node_modules/next/dist/compiled/react-server-dom-webpack/cjs/react-server-dom-webpack-client.browser.development.js:2825:7)
    at processBinaryChunk (webpack-internal:///(app-pages-browser)/./node_modules/next/dist/compiled/react-server-dom-webpack/cjs/react-server-dom-webpack-client.browser.development.js:3028:15)
    at progress (webpack-internal:///(app-pages-browser)/./node_modules/next/dist/compiled/react-server-dom-webpack/cjs/react-server-dom-webpack-client.browser.development.js:3294:13) @ about://React/Server/webpack-internal:///(rsc)/./src/app/dashboard/boards/mobile-strategic-profile/page.tsx?25:373
[ 1379645ms] [INFO] %cDownload the React DevTools for a better development experience: https://react.dev/link/react-devtools font-weight:bold @ webpack-internal:///(app-pages-browser)/./node_modules/next/dist/compiled/react-dom/cjs/react-dom-client.development.js:25630
[ 1379903ms] [WARNING] %c%s%c background: #e6e6e6;background: light-dark(rgba(0,0,0,0.1), rgba(255,255,255,0.25));color: #000000;color: light-dark(#000000, #ffffff);border-radius: 2px  Server   Error: Route "/dashboard/boards/mobile-strategic-profile" used `searchParams.state`. `searchParams` should be awaited before using its properties. Learn more: https://nextjs.org/docs/messages/sync-dynamic-apis
    at MobileStrategicProfilePage (about://React/Server/webpack-internal:///(rsc)/./src/app/dashboard/boards/mobile-strategic-profile/page.tsx?26:373:43)
    at resolveErrorDev (webpack-internal:///(app-pages-browser)/./node_modules/next/dist/compiled/react-server-dom-webpack/cjs/react-server-dom-webpack-client.browser.development.js:2396:46)
    at getOutlinedModel (webpack-internal:///(app-pages-browser)/./node_modules/next/dist/compiled/react-server-dom-webpack/cjs/react-server-dom-webpack-client.browser.development.js:1747:22)
    at parseModelString (webpack-internal:///(app-pages-browser)/./node_modules/next/dist/compiled/react-server-dom-webpack/cjs/react-server-dom-webpack-client.browser.development.js:1949:15)
    at Object.eval (webpack-internal:///(app-pages-browser)/./node_modules/next/dist/compiled/react-server-dom-webpack/cjs/react-server-dom-webpack-client.browser.development.js:3056:20)
    at JSON.parse (<anonymous>)
    at initializeModelChunk (webpack-internal:///(app-pages-browser)/./node_modules/next/dist/compiled/react-server-dom-webpack/cjs/react-server-dom-webpack-client.browser.development.js:1273:26)
    at getOutlinedModel (webpack-internal:///(app-pages-browser)/./node_modules/next/dist/compiled/react-server-dom-webpack/cjs/react-server-dom-webpack-client.browser.development.js:1682:11)
    at parseModelString (webpack-internal:///(app-pages-browser)/./node_modules/next/dist/compiled/react-server-dom-webpack/cjs/react-server-dom-webpack-client.browser.development.js:2043:15)
    at Array.eval (webpack-internal:///(app-pages-browser)/./node_modules/next/dist/compiled/react-server-dom-webpack/cjs/react-server-dom-webpack-client.browser.development.js:3056:20)
    at JSON.parse (<anonymous>)
    at initializeModelChunk (webpack-internal:///(app-pages-browser)/./node_modules/next/dist/compiled/react-server-dom-webpack/cjs/react-server-dom-webpack-client.browser.development.js:1273:26)
    at resolveConsoleEntry (webpack-internal:///(app-pages-browser)/./node_modules/next/dist/compiled/react-server-dom-webpack/cjs/react-server-dom-webpack-client.browser.development.js:2683:13)
    at processFullStringRow (webpack-internal:///(app-pages-browser)/./node_modules/next/dist/compiled/react-server-dom-webpack/cjs/react-server-dom-webpack-client.browser.development.js:2923:11)
    at processFullBinaryRow (webpack-internal:///(app-pages-browser)/./node_modules/next/dist/compiled/react-server-dom-webpack/cjs/react-server-dom-webpack-client.browser.development.js:2825:7)
    at processBinaryChunk (webpack-internal:///(app-pages-browser)/./node_modules/next/dist/compiled/react-server-dom-webpack/cjs/react-server-dom-webpack-client.browser.development.js:3028:15)
    at progress (webpack-internal:///(app-pages-browser)/./node_modules/next/dist/compiled/react-server-dom-webpack/cjs/react-server-dom-webpack-client.browser.development.js:3294:13) @ about://React/Server/webpack-internal:///(rsc)/./src/app/dashboard/boards/mobile-strategic-profile/page.tsx?26:372
[ 1379905ms] [WARNING] %c%s%c background: #e6e6e6;background: light-dark(rgba(0,0,0,0.1), rgba(255,255,255,0.25));color: #000000;color: light-dark(#000000, #ffffff);border-radius: 2px  Server   Error: Route "/dashboard/boards/mobile-strategic-profile" used `searchParams.affiliate`. `searchParams` should be awaited before using its properties. Learn more: https://nextjs.org/docs/messages/sync-dynamic-apis
    at MobileStrategicProfilePage (about://React/Server/webpack-internal:///(rsc)/./src/app/dashboard/boards/mobile-strategic-profile/page.tsx?27:374:46)
    at resolveErrorDev (webpack-internal:///(app-pages-browser)/./node_modules/next/dist/compiled/react-server-dom-webpack/cjs/react-server-dom-webpack-client.browser.development.js:2396:46)
    at getOutlinedModel (webpack-internal:///(app-pages-browser)/./node_modules/next/dist/compiled/react-server-dom-webpack/cjs/react-server-dom-webpack-client.browser.development.js:1747:22)
    at parseModelString (webpack-internal:///(app-pages-browser)/./node_modules/next/dist/compiled/react-server-dom-webpack/cjs/react-server-dom-webpack-client.browser.development.js:1949:15)
    at Object.eval (webpack-internal:///(app-pages-browser)/./node_modules/next/dist/compiled/react-server-dom-webpack/cjs/react-server-dom-webpack-client.browser.development.js:3056:20)
    at JSON.parse (<anonymous>)
    at initializeModelChunk (webpack-internal:///(app-pages-browser)/./node_modules/next/dist/compiled/react-server-dom-webpack/cjs/react-server-dom-webpack-client.browser.development.js:1273:26)
    at getOutlinedModel (webpack-internal:///(app-pages-browser)/./node_modules/next/dist/compiled/react-server-dom-webpack/cjs/react-server-dom-webpack-client.browser.development.js:1682:11)
    at parseModelString (webpack-internal:///(app-pages-browser)/./node_modules/next/dist/compiled/react-server-dom-webpack/cjs/react-server-dom-webpack-client.browser.development.js:2043:15)
    at Array.eval (webpack-internal:///(app-pages-browser)/./node_modules/next/dist/compiled/react-server-dom-webpack/cjs/react-server-dom-webpack-client.browser.development.js:3056:20)
    at JSON.parse (<anonymous>)
    at initializeModelChunk (webpack-internal:///(app-pages-browser)/./node_modules/next/dist/compiled/react-server-dom-webpack/cjs/react-server-dom-webpack-client.browser.development.js:1273:26)
    at resolveConsoleEntry (webpack-internal:///(app-pages-browser)/./node_modules/next/dist/compiled/react-server-dom-webpack/cjs/react-server-dom-webpack-client.browser.development.js:2683:13)
    at processFullStringRow (webpack-internal:///(app-pages-browser)/./node_modules/next/dist/compiled/react-server-dom-webpack/cjs/react-server-dom-webpack-client.browser.development.js:2923:11)
    at processFullBinaryRow (webpack-internal:///(app-pages-browser)/./node_modules/next/dist/compiled/react-server-dom-webpack/cjs/react-server-dom-webpack-client.browser.development.js:2825:7)
    at processBinaryChunk (webpack-internal:///(app-pages-browser)/./node_modules/next/dist/compiled/react-server-dom-webpack/cjs/react-server-dom-webpack-client.browser.development.js:3028:15)
    at progress (webpack-internal:///(app-pages-browser)/./node_modules/next/dist/compiled/react-server-dom-webpack/cjs/react-server-dom-webpack-client.browser.development.js:3294:13) @ about://React/Server/webpack-internal:///(rsc)/./src/app/dashboard/boards/mobile-strategic-profile/page.tsx?27:373
[ 1429206ms] [ERROR] Failed to load resource: the server responded with a status of 404 (Not Found) @ http://127.0.0.1:3000/api/analytics/context:0
[ 1429208ms] [WARNING] [ClientHooksWrapper] analytics context fetch failed Error: analytics_context_fetch_failed_404
    at ClientHooksWrapper.useEffect (webpack-internal:///(app-pages-browser)/./src/app/components/ClientHooksWrapper.tsx:97:44) @ webpack-internal:///(app-pages-browser)/./src/app/components/ClientHooksWrapper.tsx:115
[ 1654101ms] [LOG] [Fast Refresh] rebuilding @ webpack-internal:///(app-pages-browser)/./node_modules/next/dist/client/dev/hot-reloader/app/hot-reloader-app.js:196
[ 1662269ms] [LOG] [Fast Refresh] done in 8175ms @ webpack-internal:///(app-pages-browser)/./node_modules/next/dist/client/dev/report-hmr-latency.js:13
[ 1665289ms] [WARNING] %c%s%c background: #e6e6e6;background: light-dark(rgba(0,0,0,0.1), rgba(255,255,255,0.25));color: #000000;color: light-dark(#000000, #ffffff);border-radius: 2px  Server   Error: Route "/dashboard/boards/mobile-strategic-profile" used `searchParams.state`. `searchParams` should be awaited before using its properties. Learn more: https://nextjs.org/docs/messages/sync-dynamic-apis
    at MobileStrategicProfilePage (about://React/Server/webpack-internal:///(rsc)/./src/app/dashboard/boards/mobile-strategic-profile/page.tsx?26:373:43)
    at resolveErrorDev (webpack-internal:///(app-pages-browser)/./node_modules/next/dist/compiled/react-server-dom-webpack/cjs/react-server-dom-webpack-client.browser.development.js:2396:46)
    at getOutlinedModel (webpack-internal:///(app-pages-browser)/./node_modules/next/dist/compiled/react-server-dom-webpack/cjs/react-server-dom-webpack-client.browser.development.js:1747:22)
    at parseModelString (webpack-internal:///(app-pages-browser)/./node_modules/next/dist/compiled/react-server-dom-webpack/cjs/react-server-dom-webpack-client.browser.development.js:1949:15)
    at Object.eval (webpack-internal:///(app-pages-browser)/./node_modules/next/dist/compiled/react-server-dom-webpack/cjs/react-server-dom-webpack-client.browser.development.js:3056:20)
    at JSON.parse (<anonymous>)
    at initializeModelChunk (webpack-internal:///(app-pages-browser)/./node_modules/next/dist/compiled/react-server-dom-webpack/cjs/react-server-dom-webpack-client.browser.development.js:1273:26)
    at getOutlinedModel (webpack-internal:///(app-pages-browser)/./node_modules/next/dist/compiled/react-server-dom-webpack/cjs/react-server-dom-webpack-client.browser.development.js:1682:11)
    at parseModelString (webpack-internal:///(app-pages-browser)/./node_modules/next/dist/compiled/react-server-dom-webpack/cjs/react-server-dom-webpack-client.browser.development.js:2043:15)
    at Array.eval (webpack-internal:///(app-pages-browser)/./node_modules/next/dist/compiled/react-server-dom-webpack/cjs/react-server-dom-webpack-client.browser.development.js:3056:20)
    at JSON.parse (<anonymous>)
    at initializeModelChunk (webpack-internal:///(app-pages-browser)/./node_modules/next/dist/compiled/react-server-dom-webpack/cjs/react-server-dom-webpack-client.browser.development.js:1273:26)
    at resolveConsoleEntry (webpack-internal:///(app-pages-browser)/./node_modules/next/dist/compiled/react-server-dom-webpack/cjs/react-server-dom-webpack-client.browser.development.js:2683:13)
    at processFullStringRow (webpack-internal:///(app-pages-browser)/./node_modules/next/dist/compiled/react-server-dom-webpack/cjs/react-server-dom-webpack-client.browser.development.js:2923:11)
    at processFullBinaryRow (webpack-internal:///(app-pages-browser)/./node_modules/next/dist/compiled/react-server-dom-webpack/cjs/react-server-dom-webpack-client.browser.development.js:2825:7)
    at processBinaryChunk (webpack-internal:///(app-pages-browser)/./node_modules/next/dist/compiled/react-server-dom-webpack/cjs/react-server-dom-webpack-client.browser.development.js:3028:15)
    at progress (webpack-internal:///(app-pages-browser)/./node_modules/next/dist/compiled/react-server-dom-webpack/cjs/react-server-dom-webpack-client.browser.development.js:3294:13) @ about://React/Server/webpack-internal:///(rsc)/./src/app/dashboard/boards/mobile-strategic-profile/page.tsx?26:372
[ 1665293ms] [WARNING] %c%s%c background: #e6e6e6;background: light-dark(rgba(0,0,0,0.1), rgba(255,255,255,0.25));color: #000000;color: light-dark(#000000, #ffffff);border-radius: 2px  Server   Error: Route "/dashboard/boards/mobile-strategic-profile" used `searchParams.affiliate`. `searchParams` should be awaited before using its properties. Learn more: https://nextjs.org/docs/messages/sync-dynamic-apis
    at MobileStrategicProfilePage (about://React/Server/webpack-internal:///(rsc)/./src/app/dashboard/boards/mobile-strategic-profile/page.tsx?27:374:46)
    at resolveErrorDev (webpack-internal:///(app-pages-browser)/./node_modules/next/dist/compiled/react-server-dom-webpack/cjs/react-server-dom-webpack-client.browser.development.js:2396:46)
    at getOutlinedModel (webpack-internal:///(app-pages-browser)/./node_modules/next/dist/compiled/react-server-dom-webpack/cjs/react-server-dom-webpack-client.browser.development.js:1747:22)
    at parseModelString (webpack-internal:///(app-pages-browser)/./node_modules/next/dist/compiled/react-server-dom-webpack/cjs/react-server-dom-webpack-client.browser.development.js:1949:15)
    at Object.eval (webpack-internal:///(app-pages-browser)/./node_modules/next/dist/compiled/react-server-dom-webpack/cjs/react-server-dom-webpack-client.browser.development.js:3056:20)
    at JSON.parse (<anonymous>)
    at initializeModelChunk (webpack-internal:///(app-pages-browser)/./node_modules/next/dist/compiled/react-server-dom-webpack/cjs/react-server-dom-webpack-client.browser.development.js:1273:26)
    at getOutlinedModel (webpack-internal:///(app-pages-browser)/./node_modules/next/dist/compiled/react-server-dom-webpack/cjs/react-server-dom-webpack-client.browser.development.js:1682:11)
    at parseModelString (webpack-internal:///(app-pages-browser)/./node_modules/next/dist/compiled/react-server-dom-webpack/cjs/react-server-dom-webpack-client.browser.development.js:2043:15)
    at Array.eval (webpack-internal:///(app-pages-browser)/./node_modules/next/dist/compiled/react-server-dom-webpack/cjs/react-server-dom-webpack-client.browser.development.js:3056:20)
    at JSON.parse (<anonymous>)
    at initializeModelChunk (webpack-internal:///(app-pages-browser)/./node_modules/next/dist/compiled/react-server-dom-webpack/cjs/react-server-dom-webpack-client.browser.development.js:1273:26)
    at resolveConsoleEntry (webpack-internal:///(app-pages-browser)/./node_modules/next/dist/compiled/react-server-dom-webpack/cjs/react-server-dom-webpack-client.browser.development.js:2683:13)
    at processFullStringRow (webpack-internal:///(app-pages-browser)/./node_modules/next/dist/compiled/react-server-dom-webpack/cjs/react-server-dom-webpack-client.browser.development.js:2923:11)
    at processFullBinaryRow (webpack-internal:///(app-pages-browser)/./node_modules/next/dist/compiled/react-server-dom-webpack/cjs/react-server-dom-webpack-client.browser.development.js:2825:7)
    at processBinaryChunk (webpack-internal:///(app-pages-browser)/./node_modules/next/dist/compiled/react-server-dom-webpack/cjs/react-server-dom-webpack-client.browser.development.js:3028:15)
    at progress (webpack-internal:///(app-pages-browser)/./node_modules/next/dist/compiled/react-server-dom-webpack/cjs/react-server-dom-webpack-client.browser.development.js:3294:13) @ about://React/Server/webpack-internal:///(rsc)/./src/app/dashboard/boards/mobile-strategic-profile/page.tsx?27:373
[ 1745599ms] [LOG] [Fast Refresh] rebuilding @ webpack-internal:///(app-pages-browser)/./node_modules/next/dist/client/dev/hot-reloader/app/hot-reloader-app.js:196
[ 1757690ms] [LOG] [Fast Refresh] rebuilding @ webpack-internal:///(app-pages-browser)/./node_modules/next/dist/client/dev/hot-reloader/app/hot-reloader-app.js:196
[ 1758363ms] [LOG] [Fast Refresh] done in 672ms @ webpack-internal:///(app-pages-browser)/./node_modules/next/dist/client/dev/report-hmr-latency.js:13
[ 1762185ms] [LOG] [Fast Refresh] done in 4494ms @ webpack-internal:///(app-pages-browser)/./node_modules/next/dist/client/dev/report-hmr-latency.js:13
[ 1769504ms] [WARNING] %c%s%c background: #e6e6e6;background: light-dark(rgba(0,0,0,0.1), rgba(255,255,255,0.25));color: #000000;color: light-dark(#000000, #ffffff);border-radius: 2px  Server   Error: Route "/dashboard/boards/mobile-strategic-profile" used `searchParams.state`. `searchParams` should be awaited before using its properties. Learn more: https://nextjs.org/docs/messages/sync-dynamic-apis
    at MobileStrategicProfilePage (about://React/Server/webpack-internal:///(rsc)/./src/app/dashboard/boards/mobile-strategic-profile/page.tsx?26:373:43)
    at resolveErrorDev (webpack-internal:///(app-pages-browser)/./node_modules/next/dist/compiled/react-server-dom-webpack/cjs/react-server-dom-webpack-client.browser.development.js:2396:46)
    at getOutlinedModel (webpack-internal:///(app-pages-browser)/./node_modules/next/dist/compiled/react-server-dom-webpack/cjs/react-server-dom-webpack-client.browser.development.js:1747:22)
    at parseModelString (webpack-internal:///(app-pages-browser)/./node_modules/next/dist/compiled/react-server-dom-webpack/cjs/react-server-dom-webpack-client.browser.development.js:1949:15)
    at Object.eval (webpack-internal:///(app-pages-browser)/./node_modules/next/dist/compiled/react-server-dom-webpack/cjs/react-server-dom-webpack-client.browser.development.js:3056:20)
    at JSON.parse (<anonymous>)
    at initializeModelChunk (webpack-internal:///(app-pages-browser)/./node_modules/next/dist/compiled/react-server-dom-webpack/cjs/react-server-dom-webpack-client.browser.development.js:1273:26)
    at getOutlinedModel (webpack-internal:///(app-pages-browser)/./node_modules/next/dist/compiled/react-server-dom-webpack/cjs/react-server-dom-webpack-client.browser.development.js:1682:11)
    at parseModelString (webpack-internal:///(app-pages-browser)/./node_modules/next/dist/compiled/react-server-dom-webpack/cjs/react-server-dom-webpack-client.browser.development.js:2043:15)
    at Array.eval (webpack-internal:///(app-pages-browser)/./node_modules/next/dist/compiled/react-server-dom-webpack/cjs/react-server-dom-webpack-client.browser.development.js:3056:20)
    at JSON.parse (<anonymous>)
    at initializeModelChunk (webpack-internal:///(app-pages-browser)/./node_modules/next/dist/compiled/react-server-dom-webpack/cjs/react-server-dom-webpack-client.browser.development.js:1273:26)
    at resolveConsoleEntry (webpack-internal:///(app-pages-browser)/./node_modules/next/dist/compiled/react-server-dom-webpack/cjs/react-server-dom-webpack-client.browser.development.js:2683:13)
    at processFullStringRow (webpack-internal:///(app-pages-browser)/./node_modules/next/dist/compiled/react-server-dom-webpack/cjs/react-server-dom-webpack-client.browser.development.js:2923:11)
    at processFullBinaryRow (webpack-internal:///(app-pages-browser)/./node_modules/next/dist/compiled/react-server-dom-webpack/cjs/react-server-dom-webpack-client.browser.development.js:2825:7)
    at processBinaryChunk (webpack-internal:///(app-pages-browser)/./node_modules/next/dist/compiled/react-server-dom-webpack/cjs/react-server-dom-webpack-client.browser.development.js:3028:15)
    at progress (webpack-internal:///(app-pages-browser)/./node_modules/next/dist/compiled/react-server-dom-webpack/cjs/react-server-dom-webpack-client.browser.development.js:3294:13) @ about://React/Server/webpack-internal:///(rsc)/./src/app/dashboard/boards/mobile-strategic-profile/page.tsx?26:372
[ 1769504ms] [WARNING] %c%s%c background: #e6e6e6;background: light-dark(rgba(0,0,0,0.1), rgba(255,255,255,0.25));color: #000000;color: light-dark(#000000, #ffffff);border-radius: 2px  Server   Error: Route "/dashboard/boards/mobile-strategic-profile" used `searchParams.affiliate`. `searchParams` should be awaited before using its properties. Learn more: https://nextjs.org/docs/messages/sync-dynamic-apis
    at MobileStrategicProfilePage (about://React/Server/webpack-internal:///(rsc)/./src/app/dashboard/boards/mobile-strategic-profile/page.tsx?27:374:46)
    at resolveErrorDev (webpack-internal:///(app-pages-browser)/./node_modules/next/dist/compiled/react-server-dom-webpack/cjs/react-server-dom-webpack-client.browser.development.js:2396:46)
    at getOutlinedModel (webpack-internal:///(app-pages-browser)/./node_modules/next/dist/compiled/react-server-dom-webpack/cjs/react-server-dom-webpack-client.browser.development.js:1747:22)
    at parseModelString (webpack-internal:///(app-pages-browser)/./node_modules/next/dist/compiled/react-server-dom-webpack/cjs/react-server-dom-webpack-client.browser.development.js:1949:15)
    at Object.eval (webpack-internal:///(app-pages-browser)/./node_modules/next/dist/compiled/react-server-dom-webpack/cjs/react-server-dom-webpack-client.browser.development.js:3056:20)
    at JSON.parse (<anonymous>)
    at initializeModelChunk (webpack-internal:///(app-pages-browser)/./node_modules/next/dist/compiled/react-server-dom-webpack/cjs/react-server-dom-webpack-client.browser.development.js:1273:26)
    at getOutlinedModel (webpack-internal:///(app-pages-browser)/./node_modules/next/dist/compiled/react-server-dom-webpack/cjs/react-server-dom-webpack-client.browser.development.js:1682:11)
    at parseModelString (webpack-internal:///(app-pages-browser)/./node_modules/next/dist/compiled/react-server-dom-webpack/cjs/react-server-dom-webpack-client.browser.development.js:2043:15)
    at Array.eval (webpack-internal:///(app-pages-browser)/./node_modules/next/dist/compiled/react-server-dom-webpack/cjs/react-server-dom-webpack-client.browser.development.js:3056:20)
    at JSON.parse (<anonymous>)
    at initializeModelChunk (webpack-internal:///(app-pages-browser)/./node_modules/next/dist/compiled/react-server-dom-webpack/cjs/react-server-dom-webpack-client.browser.development.js:1273:26)
    at resolveConsoleEntry (webpack-internal:///(app-pages-browser)/./node_modules/next/dist/compiled/react-server-dom-webpack/cjs/react-server-dom-webpack-client.browser.development.js:2683:13)
    at processFullStringRow (webpack-internal:///(app-pages-browser)/./node_modules/next/dist/compiled/react-server-dom-webpack/cjs/react-server-dom-webpack-client.browser.development.js:2923:11)
    at processFullBinaryRow (webpack-internal:///(app-pages-browser)/./node_modules/next/dist/compiled/react-server-dom-webpack/cjs/react-server-dom-webpack-client.browser.development.js:2825:7)
    at processBinaryChunk (webpack-internal:///(app-pages-browser)/./node_modules/next/dist/compiled/react-server-dom-webpack/cjs/react-server-dom-webpack-client.browser.development.js:3028:15)
    at progress (webpack-internal:///(app-pages-browser)/./node_modules/next/dist/compiled/react-server-dom-webpack/cjs/react-server-dom-webpack-client.browser.development.js:3294:13) @ about://React/Server/webpack-internal:///(rsc)/./src/app/dashboard/boards/mobile-strategic-profile/page.tsx?27:373
[ 1839742ms] [LOG] [Fast Refresh] rebuilding @ webpack-internal:///(app-pages-browser)/./node_modules/next/dist/client/dev/hot-reloader/app/hot-reloader-app.js:196
[ 1873110ms] [LOG] [Fast Refresh] done in 33378ms @ webpack-internal:///(app-pages-browser)/./node_modules/next/dist/client/dev/report-hmr-latency.js:13
[ 1883796ms] [LOG] [Fast Refresh] rebuilding @ webpack-internal:///(app-pages-browser)/./node_modules/next/dist/client/dev/hot-reloader/app/hot-reloader-app.js:196
[ 1884047ms] [ERROR] Failed to load resource: the server responded with a status of 404 (Not Found) @ http://127.0.0.1:3000/api/dashboard/notifications/badges?reviewsLimit=50:0
[ 1885996ms] [ERROR] Failed to load resource: the server responded with a status of 404 (Not Found) @ http://127.0.0.1:3000/_next/static/css/app/layout.css?v=1785789581384:0
[ 1888999ms] [WARNING] The resource http://127.0.0.1:3000/_next/static/css/app/layout.css?v=1785789581384 was preloaded using link preload but not used within a few seconds from the window's load event. Please make sure it has an appropriate `as` value and it is preloaded intentionally. @ http://127.0.0.1:3000/dashboard/boards/mobile-strategic-profile:0
[ 1889757ms] [LOG] [Fast Refresh] done in 5964ms @ webpack-internal:///(app-pages-browser)/./node_modules/next/dist/client/dev/report-hmr-latency.js:13
[ 1892760ms] [WARNING] The resource http://127.0.0.1:3000/_next/static/css/app/layout.css?v=1785789581384 was preloaded using link preload but not used within a few seconds from the window's load event. Please make sure it has an appropriate `as` value and it is preloaded intentionally. @ http://127.0.0.1:3000/dashboard/boards/mobile-strategic-profile:0
[ 1948493ms] [WARNING] The resource http://127.0.0.1:3000/_next/static/css/app/layout.css?v=1785789581384 was preloaded using link preload but not used within a few seconds from the window's load event. Please make sure it has an appropriate `as` value and it is preloaded intentionally. @ http://127.0.0.1:3000/dashboard/boards/mobile-strategic-profile:0
[ 2008925ms] [WARNING] The resource http://127.0.0.1:3000/_next/static/css/app/layout.css?v=1785789581384 was preloaded using link preload but not used within a few seconds from the window's load event. Please make sure it has an appropriate `as` value and it is preloaded intentionally. @ http://127.0.0.1:3000/dashboard/boards/mobile-strategic-profile:0
[ 2068646ms] [ERROR] Failed to load resource: the server responded with a status of 404 (Not Found) @ http://127.0.0.1:3000/api/dashboard/notifications/badges?reviewsLimit=50:0
[ 2071687ms] [WARNING] The resource http://127.0.0.1:3000/_next/static/css/app/layout.css?v=1785789581384 was preloaded using link preload but not used within a few seconds from the window's load event. Please make sure it has an appropriate `as` value and it is preloaded intentionally. @ http://127.0.0.1:3000/dashboard/boards/mobile-strategic-profile:0
[ 2071689ms] [WARNING] The resource http://127.0.0.1:3000/_next/static/css/app/layout.css?v=1785789766464 was preloaded using link preload but not used within a few seconds from the window's load event. Please make sure it has an appropriate `as` value and it is preloaded intentionally. @ http://127.0.0.1:3000/dashboard/boards/mobile-strategic-profile:0
[ 2132183ms] [WARNING] The resource http://127.0.0.1:3000/_next/static/css/app/layout.css?v=1785789581384 was preloaded using link preload but not used within a few seconds from the window's load event. Please make sure it has an appropriate `as` value and it is preloaded intentionally. @ http://127.0.0.1:3000/dashboard/boards/mobile-strategic-profile:0
[ 2132183ms] [WARNING] The resource http://127.0.0.1:3000/_next/static/css/app/layout.css?v=1785789766464 was preloaded using link preload but not used within a few seconds from the window's load event. Please make sure it has an appropriate `as` value and it is preloaded intentionally. @ http://127.0.0.1:3000/dashboard/boards/mobile-strategic-profile:0
[ 2192705ms] [WARNING] The resource http://127.0.0.1:3000/_next/static/css/app/layout.css?v=1785789581384 was preloaded using link preload but not used within a few seconds from the window's load event. Please make sure it has an appropriate `as` value and it is preloaded intentionally. @ http://127.0.0.1:3000/dashboard/boards/mobile-strategic-profile:0
[ 2192705ms] [WARNING] The resource http://127.0.0.1:3000/_next/static/css/app/layout.css?v=1785789766464 was preloaded using link preload but not used within a few seconds from the window's load event. Please make sure it has an appropriate `as` value and it is preloaded intentionally. @ http://127.0.0.1:3000/dashboard/boards/mobile-strategic-profile:0
[ 2253216ms] [WARNING] The resource http://127.0.0.1:3000/_next/static/css/app/layout.css?v=1785789581384 was preloaded using link preload but not used within a few seconds from the window's load event. Please make sure it has an appropriate `as` value and it is preloaded intentionally. @ http://127.0.0.1:3000/dashboard/boards/mobile-strategic-profile:0
[ 2253217ms] [WARNING] The resource http://127.0.0.1:3000/_next/static/css/app/layout.css?v=1785789766464 was preloaded using link preload but not used within a few seconds from the window's load event. Please make sure it has an appropriate `as` value and it is preloaded intentionally. @ http://127.0.0.1:3000/dashboard/boards/mobile-strategic-profile:0
[ 2313757ms] [WARNING] The resource http://127.0.0.1:3000/_next/static/css/app/layout.css?v=1785789581384 was preloaded using link preload but not used within a few seconds from the window's load event. Please make sure it has an appropriate `as` value and it is preloaded intentionally. @ http://127.0.0.1:3000/dashboard/boards/mobile-strategic-profile:0
[ 2313757ms] [WARNING] The resource http://127.0.0.1:3000/_next/static/css/app/layout.css?v=1785789766464 was preloaded using link preload but not used within a few seconds from the window's load event. Please make sure it has an appropriate `as` value and it is preloaded intentionally. @ http://127.0.0.1:3000/dashboard/boards/mobile-strategic-profile:0
[ 2374322ms] [WARNING] The resource http://127.0.0.1:3000/_next/static/css/app/layout.css?v=1785789581384 was preloaded using link preload but not used within a few seconds from the window's load event. Please make sure it has an appropriate `as` value and it is preloaded intentionally. @ http://127.0.0.1:3000/dashboard/boards/mobile-strategic-profile:0
[ 2374322ms] [WARNING] The resource http://127.0.0.1:3000/_next/static/css/app/layout.css?v=1785789766464 was preloaded using link preload but not used within a few seconds from the window's load event. Please make sure it has an appropriate `as` value and it is preloaded intentionally. @ http://127.0.0.1:3000/dashboard/boards/mobile-strategic-profile:0
[ 2438655ms] [ERROR] Failed to load resource: the server responded with a status of 404 (Not Found) @ http://127.0.0.1:3000/api/dashboard/notifications/badges?reviewsLimit=50:0
[ 2441794ms] [WARNING] The resource http://127.0.0.1:3000/_next/static/css/app/layout.css?v=1785789581384 was preloaded using link preload but not used within a few seconds from the window's load event. Please make sure it has an appropriate `as` value and it is preloaded intentionally. @ http://127.0.0.1:3000/dashboard/boards/mobile-strategic-profile:0
[ 2441803ms] [WARNING] The resource http://127.0.0.1:3000/_next/static/css/app/layout.css?v=1785789766464 was preloaded using link preload but not used within a few seconds from the window's load event. Please make sure it has an appropriate `as` value and it is preloaded intentionally. @ http://127.0.0.1:3000/dashboard/boards/mobile-strategic-profile:0
[ 2441803ms] [WARNING] The resource http://127.0.0.1:3000/_next/static/css/app/layout.css?v=1785790135579 was preloaded using link preload but not used within a few seconds from the window's load event. Please make sure it has an appropriate `as` value and it is preloaded intentionally. @ http://127.0.0.1:3000/dashboard/boards/mobile-strategic-profile:0
[ 2501944ms] [WARNING] The resource http://127.0.0.1:3000/_next/static/css/app/layout.css?v=1785789581384 was preloaded using link preload but not used within a few seconds from the window's load event. Please make sure it has an appropriate `as` value and it is preloaded intentionally. @ http://127.0.0.1:3000/dashboard/boards/mobile-strategic-profile:0
[ 2501947ms] [WARNING] The resource http://127.0.0.1:3000/_next/static/css/app/layout.css?v=1785789766464 was preloaded using link preload but not used within a few seconds from the window's load event. Please make sure it has an appropriate `as` value and it is preloaded intentionally. @ http://127.0.0.1:3000/dashboard/boards/mobile-strategic-profile:0
[ 2501947ms] [WARNING] The resource http://127.0.0.1:3000/_next/static/css/app/layout.css?v=1785790135579 was preloaded using link preload but not used within a few seconds from the window's load event. Please make sure it has an appropriate `as` value and it is preloaded intentionally. @ http://127.0.0.1:3000/dashboard/boards/mobile-strategic-profile:0
[ 2562545ms] [WARNING] The resource http://127.0.0.1:3000/_next/static/css/app/layout.css?v=1785789581384 was preloaded using link preload but not used within a few seconds from the window's load event. Please make sure it has an appropriate `as` value and it is preloaded intentionally. @ http://127.0.0.1:3000/dashboard/boards/mobile-strategic-profile:0
[ 2562545ms] [WARNING] The resource http://127.0.0.1:3000/_next/static/css/app/layout.css?v=1785789766464 was preloaded using link preload but not used within a few seconds from the window's load event. Please make sure it has an appropriate `as` value and it is preloaded intentionally. @ http://127.0.0.1:3000/dashboard/boards/mobile-strategic-profile:0
[ 2562545ms] [WARNING] The resource http://127.0.0.1:3000/_next/static/css/app/layout.css?v=1785790135579 was preloaded using link preload but not used within a few seconds from the window's load event. Please make sure it has an appropriate `as` value and it is preloaded intentionally. @ http://127.0.0.1:3000/dashboard/boards/mobile-strategic-profile:0
[ 2623104ms] [WARNING] The resource http://127.0.0.1:3000/_next/static/css/app/layout.css?v=1785789581384 was preloaded using link preload but not used within a few seconds from the window's load event. Please make sure it has an appropriate `as` value and it is preloaded intentionally. @ http://127.0.0.1:3000/dashboard/boards/mobile-strategic-profile:0
[ 2623105ms] [WARNING] The resource http://127.0.0.1:3000/_next/static/css/app/layout.css?v=1785789766464 was preloaded using link preload but not used within a few seconds from the window's load event. Please make sure it has an appropriate `as` value and it is preloaded intentionally. @ http://127.0.0.1:3000/dashboard/boards/mobile-strategic-profile:0
[ 2623105ms] [WARNING] The resource http://127.0.0.1:3000/_next/static/css/app/layout.css?v=1785790135579 was preloaded using link preload but not used within a few seconds from the window's load event. Please make sure it has an appropriate `as` value and it is preloaded intentionally. @ http://127.0.0.1:3000/dashboard/boards/mobile-strategic-profile:0
[ 2683652ms] [WARNING] The resource http://127.0.0.1:3000/_next/static/css/app/layout.css?v=1785789581384 was preloaded using link preload but not used within a few seconds from the window's load event. Please make sure it has an appropriate `as` value and it is preloaded intentionally. @ http://127.0.0.1:3000/dashboard/boards/mobile-strategic-profile:0
[ 2683653ms] [WARNING] The resource http://127.0.0.1:3000/_next/static/css/app/layout.css?v=1785789766464 was preloaded using link preload but not used within a few seconds from the window's load event. Please make sure it has an appropriate `as` value and it is preloaded intentionally. @ http://127.0.0.1:3000/dashboard/boards/mobile-strategic-profile:0
[ 2683653ms] [WARNING] The resource http://127.0.0.1:3000/_next/static/css/app/layout.css?v=1785790135579 was preloaded using link preload but not used within a few seconds from the window's load event. Please make sure it has an appropriate `as` value and it is preloaded intentionally. @ http://127.0.0.1:3000/dashboard/boards/mobile-strategic-profile:0
[ 2745329ms] [WARNING] The resource http://127.0.0.1:3000/_next/static/css/app/layout.css?v=1785789581384 was preloaded using link preload but not used within a few seconds from the window's load event. Please make sure it has an appropriate `as` value and it is preloaded intentionally. @ http://127.0.0.1:3000/dashboard/boards/mobile-strategic-profile:0
[ 2745331ms] [WARNING] The resource http://127.0.0.1:3000/_next/static/css/app/layout.css?v=1785789766464 was preloaded using link preload but not used within a few seconds from the window's load event. Please make sure it has an appropriate `as` value and it is preloaded intentionally. @ http://127.0.0.1:3000/dashboard/boards/mobile-strategic-profile:0
[ 2745331ms] [WARNING] The resource http://127.0.0.1:3000/_next/static/css/app/layout.css?v=1785790135579 was preloaded using link preload but not used within a few seconds from the window's load event. Please make sure it has an appropriate `as` value and it is preloaded intentionally. @ http://127.0.0.1:3000/dashboard/boards/mobile-strategic-profile:0
[ 2805969ms] [WARNING] The resource http://127.0.0.1:3000/_next/static/css/app/layout.css?v=1785789581384 was preloaded using link preload but not used within a few seconds from the window's load event. Please make sure it has an appropriate `as` value and it is preloaded intentionally. @ http://127.0.0.1:3000/dashboard/boards/mobile-strategic-profile:0
[ 2805970ms] [WARNING] The resource http://127.0.0.1:3000/_next/static/css/app/layout.css?v=1785789766464 was preloaded using link preload but not used within a few seconds from the window's load event. Please make sure it has an appropriate `as` value and it is preloaded intentionally. @ http://127.0.0.1:3000/dashboard/boards/mobile-strategic-profile:0
[ 2805970ms] [WARNING] The resource http://127.0.0.1:3000/_next/static/css/app/layout.css?v=1785790135579 was preloaded using link preload but not used within a few seconds from the window's load event. Please make sure it has an appropriate `as` value and it is preloaded intentionally. @ http://127.0.0.1:3000/dashboard/boards/mobile-strategic-profile:0
[ 2866452ms] [WARNING] The resource http://127.0.0.1:3000/_next/static/css/app/layout.css?v=1785789581384 was preloaded using link preload but not used within a few seconds from the window's load event. Please make sure it has an appropriate `as` value and it is preloaded intentionally. @ http://127.0.0.1:3000/dashboard/boards/mobile-strategic-profile:0
[ 2866453ms] [WARNING] The resource http://127.0.0.1:3000/_next/static/css/app/layout.css?v=1785789766464 was preloaded using link preload but not used within a few seconds from the window's load event. Please make sure it has an appropriate `as` value and it is preloaded intentionally. @ http://127.0.0.1:3000/dashboard/boards/mobile-strategic-profile:0
[ 2866453ms] [WARNING] The resource http://127.0.0.1:3000/_next/static/css/app/layout.css?v=1785790135579 was preloaded using link preload but not used within a few seconds from the window's load event. Please make sure it has an appropriate `as` value and it is preloaded intentionally. @ http://127.0.0.1:3000/dashboard/boards/mobile-strategic-profile:0
[ 2927463ms] [WARNING] The resource http://127.0.0.1:3000/_next/static/css/app/layout.css?v=1785789581384 was preloaded using link preload but not used within a few seconds from the window's load event. Please make sure it has an appropriate `as` value and it is preloaded intentionally. @ http://127.0.0.1:3000/dashboard/boards/mobile-strategic-profile:0
[ 2927465ms] [WARNING] The resource http://127.0.0.1:3000/_next/static/css/app/layout.css?v=1785789766464 was preloaded using link preload but not used within a few seconds from the window's load event. Please make sure it has an appropriate `as` value and it is preloaded intentionally. @ http://127.0.0.1:3000/dashboard/boards/mobile-strategic-profile:0
[ 2927465ms] [WARNING] The resource http://127.0.0.1:3000/_next/static/css/app/layout.css?v=1785790135579 was preloaded using link preload but not used within a few seconds from the window's load event. Please make sure it has an appropriate `as` value and it is preloaded intentionally. @ http://127.0.0.1:3000/dashboard/boards/mobile-strategic-profile:0
[ 2989995ms] [ERROR] Failed to load resource: the server responded with a status of 404 (Not Found) @ http://127.0.0.1:3000/api/dashboard/notifications/badges?reviewsLimit=50:0
[ 2993084ms] [WARNING] The resource http://127.0.0.1:3000/_next/static/css/app/layout.css?v=1785789581384 was preloaded using link preload but not used within a few seconds from the window's load event. Please make sure it has an appropriate `as` value and it is preloaded intentionally. @ http://127.0.0.1:3000/dashboard/boards/mobile-strategic-profile:0
[ 2993085ms] [WARNING] The resource http://127.0.0.1:3000/_next/static/css/app/layout.css?v=1785790686983 was preloaded using link preload but not used within a few seconds from the window's load event. Please make sure it has an appropriate `as` value and it is preloaded intentionally. @ http://127.0.0.1:3000/dashboard/boards/mobile-strategic-profile:0
[ 2993085ms] [WARNING] The resource http://127.0.0.1:3000/_next/static/css/app/layout.css?v=1785789766464 was preloaded using link preload but not used within a few seconds from the window's load event. Please make sure it has an appropriate `as` value and it is preloaded intentionally. @ http://127.0.0.1:3000/dashboard/boards/mobile-strategic-profile:0
[ 2993085ms] [WARNING] The resource http://127.0.0.1:3000/_next/static/css/app/layout.css?v=1785790135579 was preloaded using link preload but not used within a few seconds from the window's load event. Please make sure it has an appropriate `as` value and it is preloaded intentionally. @ http://127.0.0.1:3000/dashboard/boards/mobile-strategic-profile:0
[ 3052394ms] [ERROR] Failed to load resource: the server responded with a status of 404 (Not Found) @ http://127.0.0.1:3000/api/dashboard/notifications/badges?reviewsLimit=50:0
[ 3055616ms] [WARNING] The resource http://127.0.0.1:3000/_next/static/css/app/layout.css?v=1785789581384 was preloaded using link preload but not used within a few seconds from the window's load event. Please make sure it has an appropriate `as` value and it is preloaded intentionally. @ http://127.0.0.1:3000/dashboard/boards/mobile-strategic-profile:0
[ 3055617ms] [WARNING] The resource http://127.0.0.1:3000/_next/static/css/app/layout.css?v=1785790750444 was preloaded using link preload but not used within a few seconds from the window's load event. Please make sure it has an appropriate `as` value and it is preloaded intentionally. @ http://127.0.0.1:3000/dashboard/boards/mobile-strategic-profile:0
[ 3055617ms] [WARNING] The resource http://127.0.0.1:3000/_next/static/css/app/layout.css?v=1785790686983 was preloaded using link preload but not used within a few seconds from the window's load event. Please make sure it has an appropriate `as` value and it is preloaded intentionally. @ http://127.0.0.1:3000/dashboard/boards/mobile-strategic-profile:0
[ 3055617ms] [WARNING] The resource http://127.0.0.1:3000/_next/static/css/app/layout.css?v=1785789766464 was preloaded using link preload but not used within a few seconds from the window's load event. Please make sure it has an appropriate `as` value and it is preloaded intentionally. @ http://127.0.0.1:3000/dashboard/boards/mobile-strategic-profile:0
[ 3055619ms] [WARNING] The resource http://127.0.0.1:3000/_next/static/css/app/layout.css?v=1785790135579 was preloaded using link preload but not used within a few seconds from the window's load event. Please make sure it has an appropriate `as` value and it is preloaded intentionally. @ http://127.0.0.1:3000/dashboard/boards/mobile-strategic-profile:0
[ 3115874ms] [WARNING] The resource http://127.0.0.1:3000/_next/static/css/app/layout.css?v=1785789581384 was preloaded using link preload but not used within a few seconds from the window's load event. Please make sure it has an appropriate `as` value and it is preloaded intentionally. @ http://127.0.0.1:3000/dashboard/boards/mobile-strategic-profile:0
[ 3115881ms] [WARNING] The resource http://127.0.0.1:3000/_next/static/css/app/layout.css?v=1785790750444 was preloaded using link preload but not used within a few seconds from the window's load event. Please make sure it has an appropriate `as` value and it is preloaded intentionally. @ http://127.0.0.1:3000/dashboard/boards/mobile-strategic-profile:0
[ 3115881ms] [WARNING] The resource http://127.0.0.1:3000/_next/static/css/app/layout.css?v=1785790686983 was preloaded using link preload but not used within a few seconds from the window's load event. Please make sure it has an appropriate `as` value and it is preloaded intentionally. @ http://127.0.0.1:3000/dashboard/boards/mobile-strategic-profile:0
[ 3115881ms] [WARNING] The resource http://127.0.0.1:3000/_next/static/css/app/layout.css?v=1785789766464 was preloaded using link preload but not used within a few seconds from the window's load event. Please make sure it has an appropriate `as` value and it is preloaded intentionally. @ http://127.0.0.1:3000/dashboard/boards/mobile-strategic-profile:0
[ 3115882ms] [WARNING] The resource http://127.0.0.1:3000/_next/static/css/app/layout.css?v=1785790135579 was preloaded using link preload but not used within a few seconds from the window's load event. Please make sure it has an appropriate `as` value and it is preloaded intentionally. @ http://127.0.0.1:3000/dashboard/boards/mobile-strategic-profile:0
[ 3176340ms] [WARNING] The resource http://127.0.0.1:3000/_next/static/css/app/layout.css?v=1785789581384 was preloaded using link preload but not used within a few seconds from the window's load event. Please make sure it has an appropriate `as` value and it is preloaded intentionally. @ http://127.0.0.1:3000/dashboard/boards/mobile-strategic-profile:0
[ 3176343ms] [WARNING] The resource http://127.0.0.1:3000/_next/static/css/app/layout.css?v=1785790750444 was preloaded using link preload but not used within a few seconds from the window's load event. Please make sure it has an appropriate `as` value and it is preloaded intentionally. @ http://127.0.0.1:3000/dashboard/boards/mobile-strategic-profile:0
[ 3176343ms] [WARNING] The resource http://127.0.0.1:3000/_next/static/css/app/layout.css?v=1785790686983 was preloaded using link preload but not used within a few seconds from the window's load event. Please make sure it has an appropriate `as` value and it is preloaded intentionally. @ http://127.0.0.1:3000/dashboard/boards/mobile-strategic-profile:0
[ 3176343ms] [WARNING] The resource http://127.0.0.1:3000/_next/static/css/app/layout.css?v=1785789766464 was preloaded using link preload but not used within a few seconds from the window's load event. Please make sure it has an appropriate `as` value and it is preloaded intentionally. @ http://127.0.0.1:3000/dashboard/boards/mobile-strategic-profile:0
[ 3176343ms] [WARNING] The resource http://127.0.0.1:3000/_next/static/css/app/layout.css?v=1785790135579 was preloaded using link preload but not used within a few seconds from the window's load event. Please make sure it has an appropriate `as` value and it is preloaded intentionally. @ http://127.0.0.1:3000/dashboard/boards/mobile-strategic-profile:0
[ 3236768ms] [WARNING] The resource http://127.0.0.1:3000/_next/static/css/app/layout.css?v=1785789581384 was preloaded using link preload but not used within a few seconds from the window's load event. Please make sure it has an appropriate `as` value and it is preloaded intentionally. @ http://127.0.0.1:3000/dashboard/boards/mobile-strategic-profile:0
[ 3236768ms] [WARNING] The resource http://127.0.0.1:3000/_next/static/css/app/layout.css?v=1785790750444 was preloaded using link preload but not used within a few seconds from the window's load event. Please make sure it has an appropriate `as` value and it is preloaded intentionally. @ http://127.0.0.1:3000/dashboard/boards/mobile-strategic-profile:0
[ 3236768ms] [WARNING] The resource http://127.0.0.1:3000/_next/static/css/app/layout.css?v=1785790686983 was preloaded using link preload but not used within a few seconds from the window's load event. Please make sure it has an appropriate `as` value and it is preloaded intentionally. @ http://127.0.0.1:3000/dashboard/boards/mobile-strategic-profile:0
[ 3236768ms] [WARNING] The resource http://127.0.0.1:3000/_next/static/css/app/layout.css?v=1785789766464 was preloaded using link preload but not used within a few seconds from the window's load event. Please make sure it has an appropriate `as` value and it is preloaded intentionally. @ http://127.0.0.1:3000/dashboard/boards/mobile-strategic-profile:0
[ 3236768ms] [WARNING] The resource http://127.0.0.1:3000/_next/static/css/app/layout.css?v=1785790135579 was preloaded using link preload but not used within a few seconds from the window's load event. Please make sure it has an appropriate `as` value and it is preloaded intentionally. @ http://127.0.0.1:3000/dashboard/boards/mobile-strategic-profile:0
[ 3293929ms] [ERROR] Failed to load resource: the server responded with a status of 404 (Not Found) @ http://127.0.0.1:3000/api/dashboard/notifications/badges?reviewsLimit=50:0
[ 3354089ms] [ERROR] Failed to load resource: the server responded with a status of 404 (Not Found) @ http://127.0.0.1:3000/api/dashboard/notifications/badges?reviewsLimit=50:0
[ 3414301ms] [ERROR] Failed to load resource: the server responded with a status of 404 (Not Found) @ http://127.0.0.1:3000/api/dashboard/notifications/badges?reviewsLimit=50:0
[ 3474470ms] [ERROR] Failed to load resource: the server responded with a status of 404 (Not Found) @ http://127.0.0.1:3000/api/dashboard/notifications/badges?reviewsLimit=50:0
[ 3534653ms] [ERROR] Failed to load resource: the server responded with a status of 404 (Not Found) @ http://127.0.0.1:3000/api/dashboard/notifications/badges?reviewsLimit=50:0
[ 3594802ms] [ERROR] Failed to load resource: the server responded with a status of 404 (Not Found) @ http://127.0.0.1:3000/api/dashboard/notifications/badges?reviewsLimit=50:0
[ 3654983ms] [ERROR] Failed to load resource: the server responded with a status of 404 (Not Found) @ http://127.0.0.1:3000/api/dashboard/notifications/badges?reviewsLimit=50:0
[ 3715174ms] [ERROR] Failed to load resource: the server responded with a status of 404 (Not Found) @ http://127.0.0.1:3000/api/dashboard/notifications/badges?reviewsLimit=50:0
[ 3775383ms] [ERROR] Failed to load resource: the server responded with a status of 404 (Not Found) @ http://127.0.0.1:3000/api/dashboard/notifications/badges?reviewsLimit=50:0
[ 3835617ms] [ERROR] Failed to load resource: the server responded with a status of 404 (Not Found) @ http://127.0.0.1:3000/api/dashboard/notifications/badges?reviewsLimit=50:0
[ 3895796ms] [ERROR] Failed to load resource: the server responded with a status of 404 (Not Found) @ http://127.0.0.1:3000/api/dashboard/notifications/badges?reviewsLimit=50:0
[ 3955978ms] [ERROR] Failed to load resource: the server responded with a status of 404 (Not Found) @ http://127.0.0.1:3000/api/dashboard/notifications/badges?reviewsLimit=50:0
[ 4019535ms] [WARNING] The resource http://127.0.0.1:3000/_next/static/css/app/layout.css?v=1785789581384 was preloaded using link preload but not used within a few seconds from the window's load event. Please make sure it has an appropriate `as` value and it is preloaded intentionally. @ http://127.0.0.1:3000/dashboard/boards/mobile-strategic-profile:0
[ 4019539ms] [WARNING] The resource http://127.0.0.1:3000/_next/static/css/app/layout.css?v=1785790750444 was preloaded using link preload but not used within a few seconds from the window's load event. Please make sure it has an appropriate `as` value and it is preloaded intentionally. @ http://127.0.0.1:3000/dashboard/boards/mobile-strategic-profile:0
[ 4019539ms] [WARNING] The resource http://127.0.0.1:3000/_next/static/css/app/layout.css?v=1785790686983 was preloaded using link preload but not used within a few seconds from the window's load event. Please make sure it has an appropriate `as` value and it is preloaded intentionally. @ http://127.0.0.1:3000/dashboard/boards/mobile-strategic-profile:0
[ 4019539ms] [WARNING] The resource http://127.0.0.1:3000/_next/static/css/app/layout.css?v=1785789766464 was preloaded using link preload but not used within a few seconds from the window's load event. Please make sure it has an appropriate `as` value and it is preloaded intentionally. @ http://127.0.0.1:3000/dashboard/boards/mobile-strategic-profile:0
[ 4019540ms] [WARNING] The resource http://127.0.0.1:3000/_next/static/css/app/layout.css?v=1785790135579 was preloaded using link preload but not used within a few seconds from the window's load event. Please make sure it has an appropriate `as` value and it is preloaded intentionally. @ http://127.0.0.1:3000/dashboard/boards/mobile-strategic-profile:0
[ 4080026ms] [WARNING] The resource http://127.0.0.1:3000/_next/static/css/app/layout.css?v=1785789581384 was preloaded using link preload but not used within a few seconds from the window's load event. Please make sure it has an appropriate `as` value and it is preloaded intentionally. @ http://127.0.0.1:3000/dashboard/boards/mobile-strategic-profile:0
[ 4080027ms] [WARNING] The resource http://127.0.0.1:3000/_next/static/css/app/layout.css?v=1785790750444 was preloaded using link preload but not used within a few seconds from the window's load event. Please make sure it has an appropriate `as` value and it is preloaded intentionally. @ http://127.0.0.1:3000/dashboard/boards/mobile-strategic-profile:0
[ 4080027ms] [WARNING] The resource http://127.0.0.1:3000/_next/static/css/app/layout.css?v=1785790686983 was preloaded using link preload but not used within a few seconds from the window's load event. Please make sure it has an appropriate `as` value and it is preloaded intentionally. @ http://127.0.0.1:3000/dashboard/boards/mobile-strategic-profile:0
[ 4080027ms] [WARNING] The resource http://127.0.0.1:3000/_next/static/css/app/layout.css?v=1785789766464 was preloaded using link preload but not used within a few seconds from the window's load event. Please make sure it has an appropriate `as` value and it is preloaded intentionally. @ http://127.0.0.1:3000/dashboard/boards/mobile-strategic-profile:0
[ 4080027ms] [WARNING] The resource http://127.0.0.1:3000/_next/static/css/app/layout.css?v=1785790135579 was preloaded using link preload but not used within a few seconds from the window's load event. Please make sure it has an appropriate `as` value and it is preloaded intentionally. @ http://127.0.0.1:3000/dashboard/boards/mobile-strategic-profile:0
[ 4140577ms] [WARNING] The resource http://127.0.0.1:3000/_next/static/css/app/layout.css?v=1785789581384 was preloaded using link preload but not used within a few seconds from the window's load event. Please make sure it has an appropriate `as` value and it is preloaded intentionally. @ http://127.0.0.1:3000/dashboard/boards/mobile-strategic-profile:0
[ 4140577ms] [WARNING] The resource http://127.0.0.1:3000/_next/static/css/app/layout.css?v=1785790750444 was preloaded using link preload but not used within a few seconds from the window's load event. Please make sure it has an appropriate `as` value and it is preloaded intentionally. @ http://127.0.0.1:3000/dashboard/boards/mobile-strategic-profile:0
[ 4140577ms] [WARNING] The resource http://127.0.0.1:3000/_next/static/css/app/layout.css?v=1785790686983 was preloaded using link preload but not used within a few seconds from the window's load event. Please make sure it has an appropriate `as` value and it is preloaded intentionally. @ http://127.0.0.1:3000/dashboard/boards/mobile-strategic-profile:0
[ 4140577ms] [WARNING] The resource http://127.0.0.1:3000/_next/static/css/app/layout.css?v=1785789766464 was preloaded using link preload but not used within a few seconds from the window's load event. Please make sure it has an appropriate `as` value and it is preloaded intentionally. @ http://127.0.0.1:3000/dashboard/boards/mobile-strategic-profile:0
[ 4140577ms] [WARNING] The resource http://127.0.0.1:3000/_next/static/css/app/layout.css?v=1785790135579 was preloaded using link preload but not used within a few seconds from the window's load event. Please make sure it has an appropriate `as` value and it is preloaded intentionally. @ http://127.0.0.1:3000/dashboard/boards/mobile-strategic-profile:0
[ 4201170ms] [WARNING] The resource http://127.0.0.1:3000/_next/static/css/app/layout.css?v=1785789581384 was preloaded using link preload but not used within a few seconds from the window's load event. Please make sure it has an appropriate `as` value and it is preloaded intentionally. @ http://127.0.0.1:3000/dashboard/boards/mobile-strategic-profile:0
[ 4201170ms] [WARNING] The resource http://127.0.0.1:3000/_next/static/css/app/layout.css?v=1785790750444 was preloaded using link preload but not used within a few seconds from the window's load event. Please make sure it has an appropriate `as` value and it is preloaded intentionally. @ http://127.0.0.1:3000/dashboard/boards/mobile-strategic-profile:0
[ 4201170ms] [WARNING] The resource http://127.0.0.1:3000/_next/static/css/app/layout.css?v=1785790686983 was preloaded using link preload but not used within a few seconds from the window's load event. Please make sure it has an appropriate `as` value and it is preloaded intentionally. @ http://127.0.0.1:3000/dashboard/boards/mobile-strategic-profile:0
[ 4201170ms] [WARNING] The resource http://127.0.0.1:3000/_next/static/css/app/layout.css?v=1785789766464 was preloaded using link preload but not used within a few seconds from the window's load event. Please make sure it has an appropriate `as` value and it is preloaded intentionally. @ http://127.0.0.1:3000/dashboard/boards/mobile-strategic-profile:0
[ 4201170ms] [WARNING] The resource http://127.0.0.1:3000/_next/static/css/app/layout.css?v=1785790135579 was preloaded using link preload but not used within a few seconds from the window's load event. Please make sure it has an appropriate `as` value and it is preloaded intentionally. @ http://127.0.0.1:3000/dashboard/boards/mobile-strategic-profile:0
[ 4261580ms] [WARNING] The resource http://127.0.0.1:3000/_next/static/css/app/layout.css?v=1785789581384 was preloaded using link preload but not used within a few seconds from the window's load event. Please make sure it has an appropriate `as` value and it is preloaded intentionally. @ http://127.0.0.1:3000/dashboard/boards/mobile-strategic-profile:0
[ 4261580ms] [WARNING] The resource http://127.0.0.1:3000/_next/static/css/app/layout.css?v=1785790750444 was preloaded using link preload but not used within a few seconds from the window's load event. Please make sure it has an appropriate `as` value and it is preloaded intentionally. @ http://127.0.0.1:3000/dashboard/boards/mobile-strategic-profile:0
[ 4261580ms] [WARNING] The resource http://127.0.0.1:3000/_next/static/css/app/layout.css?v=1785790686983 was preloaded using link preload but not used within a few seconds from the window's load event. Please make sure it has an appropriate `as` value and it is preloaded intentionally. @ http://127.0.0.1:3000/dashboard/boards/mobile-strategic-profile:0
[ 4261580ms] [WARNING] The resource http://127.0.0.1:3000/_next/static/css/app/layout.css?v=1785789766464 was preloaded using link preload but not used within a few seconds from the window's load event. Please make sure it has an appropriate `as` value and it is preloaded intentionally. @ http://127.0.0.1:3000/dashboard/boards/mobile-strategic-profile:0
[ 4261580ms] [WARNING] The resource http://127.0.0.1:3000/_next/static/css/app/layout.css?v=1785790135579 was preloaded using link preload but not used within a few seconds from the window's load event. Please make sure it has an appropriate `as` value and it is preloaded intentionally. @ http://127.0.0.1:3000/dashboard/boards/mobile-strategic-profile:0
[ 4322032ms] [WARNING] The resource http://127.0.0.1:3000/_next/static/css/app/layout.css?v=1785789581384 was preloaded using link preload but not used within a few seconds from the window's load event. Please make sure it has an appropriate `as` value and it is preloaded intentionally. @ http://127.0.0.1:3000/dashboard/boards/mobile-strategic-profile:0
[ 4322033ms] [WARNING] The resource http://127.0.0.1:3000/_next/static/css/app/layout.css?v=1785790750444 was preloaded using link preload but not used within a few seconds from the window's load event. Please make sure it has an appropriate `as` value and it is preloaded intentionally. @ http://127.0.0.1:3000/dashboard/boards/mobile-strategic-profile:0
[ 4322033ms] [WARNING] The resource http://127.0.0.1:3000/_next/static/css/app/layout.css?v=1785790686983 was preloaded using link preload but not used within a few seconds from the window's load event. Please make sure it has an appropriate `as` value and it is preloaded intentionally. @ http://127.0.0.1:3000/dashboard/boards/mobile-strategic-profile:0
[ 4322033ms] [WARNING] The resource http://127.0.0.1:3000/_next/static/css/app/layout.css?v=1785789766464 was preloaded using link preload but not used within a few seconds from the window's load event. Please make sure it has an appropriate `as` value and it is preloaded intentionally. @ http://127.0.0.1:3000/dashboard/boards/mobile-strategic-profile:0
[ 4322033ms] [WARNING] The resource http://127.0.0.1:3000/_next/static/css/app/layout.css?v=1785790135579 was preloaded using link preload but not used within a few seconds from the window's load event. Please make sure it has an appropriate `as` value and it is preloaded intentionally. @ http://127.0.0.1:3000/dashboard/boards/mobile-strategic-profile:0
[ 4382523ms] [WARNING] The resource http://127.0.0.1:3000/_next/static/css/app/layout.css?v=1785789581384 was preloaded using link preload but not used within a few seconds from the window's load event. Please make sure it has an appropriate `as` value and it is preloaded intentionally. @ http://127.0.0.1:3000/dashboard/boards/mobile-strategic-profile:0
[ 4382523ms] [WARNING] The resource http://127.0.0.1:3000/_next/static/css/app/layout.css?v=1785790750444 was preloaded using link preload but not used within a few seconds from the window's load event. Please make sure it has an appropriate `as` value and it is preloaded intentionally. @ http://127.0.0.1:3000/dashboard/boards/mobile-strategic-profile:0
[ 4382523ms] [WARNING] The resource http://127.0.0.1:3000/_next/static/css/app/layout.css?v=1785790686983 was preloaded using link preload but not used within a few seconds from the window's load event. Please make sure it has an appropriate `as` value and it is preloaded intentionally. @ http://127.0.0.1:3000/dashboard/boards/mobile-strategic-profile:0
[ 4382523ms] [WARNING] The resource http://127.0.0.1:3000/_next/static/css/app/layout.css?v=1785789766464 was preloaded using link preload but not used within a few seconds from the window's load event. Please make sure it has an appropriate `as` value and it is preloaded intentionally. @ http://127.0.0.1:3000/dashboard/boards/mobile-strategic-profile:0
[ 4382523ms] [WARNING] The resource http://127.0.0.1:3000/_next/static/css/app/layout.css?v=1785790135579 was preloaded using link preload but not used within a few seconds from the window's load event. Please make sure it has an appropriate `as` value and it is preloaded intentionally. @ http://127.0.0.1:3000/dashboard/boards/mobile-strategic-profile:0
[ 4443030ms] [WARNING] The resource http://127.0.0.1:3000/_next/static/css/app/layout.css?v=1785789581384 was preloaded using link preload but not used within a few seconds from the window's load event. Please make sure it has an appropriate `as` value and it is preloaded intentionally. @ http://127.0.0.1:3000/dashboard/boards/mobile-strategic-profile:0
[ 4443031ms] [WARNING] The resource http://127.0.0.1:3000/_next/static/css/app/layout.css?v=1785790750444 was preloaded using link preload but not used within a few seconds from the window's load event. Please make sure it has an appropriate `as` value and it is preloaded intentionally. @ http://127.0.0.1:3000/dashboard/boards/mobile-strategic-profile:0
[ 4443031ms] [WARNING] The resource http://127.0.0.1:3000/_next/static/css/app/layout.css?v=1785790686983 was preloaded using link preload but not used within a few seconds from the window's load event. Please make sure it has an appropriate `as` value and it is preloaded intentionally. @ http://127.0.0.1:3000/dashboard/boards/mobile-strategic-profile:0
[ 4443031ms] [WARNING] The resource http://127.0.0.1:3000/_next/static/css/app/layout.css?v=1785789766464 was preloaded using link preload but not used within a few seconds from the window's load event. Please make sure it has an appropriate `as` value and it is preloaded intentionally. @ http://127.0.0.1:3000/dashboard/boards/mobile-strategic-profile:0
[ 4443031ms] [WARNING] The resource http://127.0.0.1:3000/_next/static/css/app/layout.css?v=1785790135579 was preloaded using link preload but not used within a few seconds from the window's load event. Please make sure it has an appropriate `as` value and it is preloaded intentionally. @ http://127.0.0.1:3000/dashboard/boards/mobile-strategic-profile:0
[ 4503678ms] [WARNING] The resource http://127.0.0.1:3000/_next/static/css/app/layout.css?v=1785789581384 was preloaded using link preload but not used within a few seconds from the window's load event. Please make sure it has an appropriate `as` value and it is preloaded intentionally. @ http://127.0.0.1:3000/dashboard/boards/mobile-strategic-profile:0
[ 4503679ms] [WARNING] The resource http://127.0.0.1:3000/_next/static/css/app/layout.css?v=1785790750444 was preloaded using link preload but not used within a few seconds from the window's load event. Please make sure it has an appropriate `as` value and it is preloaded intentionally. @ http://127.0.0.1:3000/dashboard/boards/mobile-strategic-profile:0
[ 4503679ms] [WARNING] The resource http://127.0.0.1:3000/_next/static/css/app/layout.css?v=1785790686983 was preloaded using link preload but not used within a few seconds from the window's load event. Please make sure it has an appropriate `as` value and it is preloaded intentionally. @ http://127.0.0.1:3000/dashboard/boards/mobile-strategic-profile:0
[ 4503679ms] [WARNING] The resource http://127.0.0.1:3000/_next/static/css/app/layout.css?v=1785789766464 was preloaded using link preload but not used within a few seconds from the window's load event. Please make sure it has an appropriate `as` value and it is preloaded intentionally. @ http://127.0.0.1:3000/dashboard/boards/mobile-strategic-profile:0
[ 4503679ms] [WARNING] The resource http://127.0.0.1:3000/_next/static/css/app/layout.css?v=1785790135579 was preloaded using link preload but not used within a few seconds from the window's load event. Please make sure it has an appropriate `as` value and it is preloaded intentionally. @ http://127.0.0.1:3000/dashboard/boards/mobile-strategic-profile:0
[ 4564209ms] [WARNING] The resource http://127.0.0.1:3000/_next/static/css/app/layout.css?v=1785789581384 was preloaded using link preload but not used within a few seconds from the window's load event. Please make sure it has an appropriate `as` value and it is preloaded intentionally. @ http://127.0.0.1:3000/dashboard/boards/mobile-strategic-profile:0
[ 4564209ms] [WARNING] The resource http://127.0.0.1:3000/_next/static/css/app/layout.css?v=1785790750444 was preloaded using link preload but not used within a few seconds from the window's load event. Please make sure it has an appropriate `as` value and it is preloaded intentionally. @ http://127.0.0.1:3000/dashboard/boards/mobile-strategic-profile:0
[ 4564209ms] [WARNING] The resource http://127.0.0.1:3000/_next/static/css/app/layout.css?v=1785790686983 was preloaded using link preload but not used within a few seconds from the window's load event. Please make sure it has an appropriate `as` value and it is preloaded intentionally. @ http://127.0.0.1:3000/dashboard/boards/mobile-strategic-profile:0
[ 4564209ms] [WARNING] The resource http://127.0.0.1:3000/_next/static/css/app/layout.css?v=1785789766464 was preloaded using link preload but not used within a few seconds from the window's load event. Please make sure it has an appropriate `as` value and it is preloaded intentionally. @ http://127.0.0.1:3000/dashboard/boards/mobile-strategic-profile:0
[ 4564210ms] [WARNING] The resource http://127.0.0.1:3000/_next/static/css/app/layout.css?v=1785790135579 was preloaded using link preload but not used within a few seconds from the window's load event. Please make sure it has an appropriate `as` value and it is preloaded intentionally. @ http://127.0.0.1:3000/dashboard/boards/mobile-strategic-profile:0
[ 4624738ms] [WARNING] The resource http://127.0.0.1:3000/_next/static/css/app/layout.css?v=1785789581384 was preloaded using link preload but not used within a few seconds from the window's load event. Please make sure it has an appropriate `as` value and it is preloaded intentionally. @ http://127.0.0.1:3000/dashboard/boards/mobile-strategic-profile:0
[ 4624739ms] [WARNING] The resource http://127.0.0.1:3000/_next/static/css/app/layout.css?v=1785790750444 was preloaded using link preload but not used within a few seconds from the window's load event. Please make sure it has an appropriate `as` value and it is preloaded intentionally. @ http://127.0.0.1:3000/dashboard/boards/mobile-strategic-profile:0
[ 4624739ms] [WARNING] The resource http://127.0.0.1:3000/_next/static/css/app/layout.css?v=1785790686983 was preloaded using link preload but not used within a few seconds from the window's load event. Please make sure it has an appropriate `as` value and it is preloaded intentionally. @ http://127.0.0.1:3000/dashboard/boards/mobile-strategic-profile:0
[ 4624739ms] [WARNING] The resource http://127.0.0.1:3000/_next/static/css/app/layout.css?v=1785789766464 was preloaded using link preload but not used within a few seconds from the window's load event. Please make sure it has an appropriate `as` value and it is preloaded intentionally. @ http://127.0.0.1:3000/dashboard/boards/mobile-strategic-profile:0
[ 4624739ms] [WARNING] The resource http://127.0.0.1:3000/_next/static/css/app/layout.css?v=1785790135579 was preloaded using link preload but not used within a few seconds from the window's load event. Please make sure it has an appropriate `as` value and it is preloaded intentionally. @ http://127.0.0.1:3000/dashboard/boards/mobile-strategic-profile:0
[ 4685425ms] [WARNING] The resource http://127.0.0.1:3000/_next/static/css/app/layout.css?v=1785789581384 was preloaded using link preload but not used within a few seconds from the window's load event. Please make sure it has an appropriate `as` value and it is preloaded intentionally. @ http://127.0.0.1:3000/dashboard/boards/mobile-strategic-profile:0
[ 4685427ms] [WARNING] The resource http://127.0.0.1:3000/_next/static/css/app/layout.css?v=1785790750444 was preloaded using link preload but not used within a few seconds from the window's load event. Please make sure it has an appropriate `as` value and it is preloaded intentionally. @ http://127.0.0.1:3000/dashboard/boards/mobile-strategic-profile:0
[ 4685427ms] [WARNING] The resource http://127.0.0.1:3000/_next/static/css/app/layout.css?v=1785790686983 was preloaded using link preload but not used within a few seconds from the window's load event. Please make sure it has an appropriate `as` value and it is preloaded intentionally. @ http://127.0.0.1:3000/dashboard/boards/mobile-strategic-profile:0
[ 4685427ms] [WARNING] The resource http://127.0.0.1:3000/_next/static/css/app/layout.css?v=1785789766464 was preloaded using link preload but not used within a few seconds from the window's load event. Please make sure it has an appropriate `as` value and it is preloaded intentionally. @ http://127.0.0.1:3000/dashboard/boards/mobile-strategic-profile:0
[ 4685427ms] [WARNING] The resource http://127.0.0.1:3000/_next/static/css/app/layout.css?v=1785790135579 was preloaded using link preload but not used within a few seconds from the window's load event. Please make sure it has an appropriate `as` value and it is preloaded intentionally. @ http://127.0.0.1:3000/dashboard/boards/mobile-strategic-profile:0
[ 4745973ms] [WARNING] The resource http://127.0.0.1:3000/_next/static/css/app/layout.css?v=1785789581384 was preloaded using link preload but not used within a few seconds from the window's load event. Please make sure it has an appropriate `as` value and it is preloaded intentionally. @ http://127.0.0.1:3000/dashboard/boards/mobile-strategic-profile:0
[ 4745974ms] [WARNING] The resource http://127.0.0.1:3000/_next/static/css/app/layout.css?v=1785790750444 was preloaded using link preload but not used within a few seconds from the window's load event. Please make sure it has an appropriate `as` value and it is preloaded intentionally. @ http://127.0.0.1:3000/dashboard/boards/mobile-strategic-profile:0
[ 4745974ms] [WARNING] The resource http://127.0.0.1:3000/_next/static/css/app/layout.css?v=1785790686983 was preloaded using link preload but not used within a few seconds from the window's load event. Please make sure it has an appropriate `as` value and it is preloaded intentionally. @ http://127.0.0.1:3000/dashboard/boards/mobile-strategic-profile:0
[ 4745974ms] [WARNING] The resource http://127.0.0.1:3000/_next/static/css/app/layout.css?v=1785789766464 was preloaded using link preload but not used within a few seconds from the window's load event. Please make sure it has an appropriate `as` value and it is preloaded intentionally. @ http://127.0.0.1:3000/dashboard/boards/mobile-strategic-profile:0
[ 4745975ms] [WARNING] The resource http://127.0.0.1:3000/_next/static/css/app/layout.css?v=1785790135579 was preloaded using link preload but not used within a few seconds from the window's load event. Please make sure it has an appropriate `as` value and it is preloaded intentionally. @ http://127.0.0.1:3000/dashboard/boards/mobile-strategic-profile:0
[ 4806464ms] [WARNING] The resource http://127.0.0.1:3000/_next/static/css/app/layout.css?v=1785789581384 was preloaded using link preload but not used within a few seconds from the window's load event. Please make sure it has an appropriate `as` value and it is preloaded intentionally. @ http://127.0.0.1:3000/dashboard/boards/mobile-strategic-profile:0
[ 4806465ms] [WARNING] The resource http://127.0.0.1:3000/_next/static/css/app/layout.css?v=1785790750444 was preloaded using link preload but not used within a few seconds from the window's load event. Please make sure it has an appropriate `as` value and it is preloaded intentionally. @ http://127.0.0.1:3000/dashboard/boards/mobile-strategic-profile:0
[ 4806465ms] [WARNING] The resource http://127.0.0.1:3000/_next/static/css/app/layout.css?v=1785790686983 was preloaded using link preload but not used within a few seconds from the window's load event. Please make sure it has an appropriate `as` value and it is preloaded intentionally. @ http://127.0.0.1:3000/dashboard/boards/mobile-strategic-profile:0
[ 4806465ms] [WARNING] The resource http://127.0.0.1:3000/_next/static/css/app/layout.css?v=1785789766464 was preloaded using link preload but not used within a few seconds from the window's load event. Please make sure it has an appropriate `as` value and it is preloaded intentionally. @ http://127.0.0.1:3000/dashboard/boards/mobile-strategic-profile:0
[ 4806465ms] [WARNING] The resource http://127.0.0.1:3000/_next/static/css/app/layout.css?v=1785790135579 was preloaded using link preload but not used within a few seconds from the window's load event. Please make sure it has an appropriate `as` value and it is preloaded intentionally. @ http://127.0.0.1:3000/dashboard/boards/mobile-strategic-profile:0
[ 4866991ms] [WARNING] The resource http://127.0.0.1:3000/_next/static/css/app/layout.css?v=1785789581384 was preloaded using link preload but not used within a few seconds from the window's load event. Please make sure it has an appropriate `as` value and it is preloaded intentionally. @ http://127.0.0.1:3000/dashboard/boards/mobile-strategic-profile:0
[ 4866992ms] [WARNING] The resource http://127.0.0.1:3000/_next/static/css/app/layout.css?v=1785790750444 was preloaded using link preload but not used within a few seconds from the window's load event. Please make sure it has an appropriate `as` value and it is preloaded intentionally. @ http://127.0.0.1:3000/dashboard/boards/mobile-strategic-profile:0
[ 4866992ms] [WARNING] The resource http://127.0.0.1:3000/_next/static/css/app/layout.css?v=1785790686983 was preloaded using link preload but not used within a few seconds from the window's load event. Please make sure it has an appropriate `as` value and it is preloaded intentionally. @ http://127.0.0.1:3000/dashboard/boards/mobile-strategic-profile:0
[ 4866992ms] [WARNING] The resource http://127.0.0.1:3000/_next/static/css/app/layout.css?v=1785789766464 was preloaded using link preload but not used within a few seconds from the window's load event. Please make sure it has an appropriate `as` value and it is preloaded intentionally. @ http://127.0.0.1:3000/dashboard/boards/mobile-strategic-profile:0
[ 4866992ms] [WARNING] The resource http://127.0.0.1:3000/_next/static/css/app/layout.css?v=1785790135579 was preloaded using link preload but not used within a few seconds from the window's load event. Please make sure it has an appropriate `as` value and it is preloaded intentionally. @ http://127.0.0.1:3000/dashboard/boards/mobile-strategic-profile:0
[ 4927562ms] [WARNING] The resource http://127.0.0.1:3000/_next/static/css/app/layout.css?v=1785789581384 was preloaded using link preload but not used within a few seconds from the window's load event. Please make sure it has an appropriate `as` value and it is preloaded intentionally. @ http://127.0.0.1:3000/dashboard/boards/mobile-strategic-profile:0
[ 4927563ms] [WARNING] The resource http://127.0.0.1:3000/_next/static/css/app/layout.css?v=1785790750444 was preloaded using link preload but not used within a few seconds from the window's load event. Please make sure it has an appropriate `as` value and it is preloaded intentionally. @ http://127.0.0.1:3000/dashboard/boards/mobile-strategic-profile:0
[ 4927563ms] [WARNING] The resource http://127.0.0.1:3000/_next/static/css/app/layout.css?v=1785790686983 was preloaded using link preload but not used within a few seconds from the window's load event. Please make sure it has an appropriate `as` value and it is preloaded intentionally. @ http://127.0.0.1:3000/dashboard/boards/mobile-strategic-profile:0
[ 4927563ms] [WARNING] The resource http://127.0.0.1:3000/_next/static/css/app/layout.css?v=1785789766464 was preloaded using link preload but not used within a few seconds from the window's load event. Please make sure it has an appropriate `as` value and it is preloaded intentionally. @ http://127.0.0.1:3000/dashboard/boards/mobile-strategic-profile:0
[ 4927563ms] [WARNING] The resource http://127.0.0.1:3000/_next/static/css/app/layout.css?v=1785790135579 was preloaded using link preload but not used within a few seconds from the window's load event. Please make sure it has an appropriate `as` value and it is preloaded intentionally. @ http://127.0.0.1:3000/dashboard/boards/mobile-strategic-profile:0
[ 4988092ms] [WARNING] The resource http://127.0.0.1:3000/_next/static/css/app/layout.css?v=1785789581384 was preloaded using link preload but not used within a few seconds from the window's load event. Please make sure it has an appropriate `as` value and it is preloaded intentionally. @ http://127.0.0.1:3000/dashboard/boards/mobile-strategic-profile:0
[ 4988092ms] [WARNING] The resource http://127.0.0.1:3000/_next/static/css/app/layout.css?v=1785790750444 was preloaded using link preload but not used within a few seconds from the window's load event. Please make sure it has an appropriate `as` value and it is preloaded intentionally. @ http://127.0.0.1:3000/dashboard/boards/mobile-strategic-profile:0
[ 4988092ms] [WARNING] The resource http://127.0.0.1:3000/_next/static/css/app/layout.css?v=1785790686983 was preloaded using link preload but not used within a few seconds from the window's load event. Please make sure it has an appropriate `as` value and it is preloaded intentionally. @ http://127.0.0.1:3000/dashboard/boards/mobile-strategic-profile:0
[ 4988092ms] [WARNING] The resource http://127.0.0.1:3000/_next/static/css/app/layout.css?v=1785789766464 was preloaded using link preload but not used within a few seconds from the window's load event. Please make sure it has an appropriate `as` value and it is preloaded intentionally. @ http://127.0.0.1:3000/dashboard/boards/mobile-strategic-profile:0
[ 4988092ms] [WARNING] The resource http://127.0.0.1:3000/_next/static/css/app/layout.css?v=1785790135579 was preloaded using link preload but not used within a few seconds from the window's load event. Please make sure it has an appropriate `as` value and it is preloaded intentionally. @ http://127.0.0.1:3000/dashboard/boards/mobile-strategic-profile:0
[ 5048707ms] [WARNING] The resource http://127.0.0.1:3000/_next/static/css/app/layout.css?v=1785789581384 was preloaded using link preload but not used within a few seconds from the window's load event. Please make sure it has an appropriate `as` value and it is preloaded intentionally. @ http://127.0.0.1:3000/dashboard/boards/mobile-strategic-profile:0
[ 5048708ms] [WARNING] The resource http://127.0.0.1:3000/_next/static/css/app/layout.css?v=1785790750444 was preloaded using link preload but not used within a few seconds from the window's load event. Please make sure it has an appropriate `as` value and it is preloaded intentionally. @ http://127.0.0.1:3000/dashboard/boards/mobile-strategic-profile:0
[ 5048708ms] [WARNING] The resource http://127.0.0.1:3000/_next/static/css/app/layout.css?v=1785790686983 was preloaded using link preload but not used within a few seconds from the window's load event. Please make sure it has an appropriate `as` value and it is preloaded intentionally. @ http://127.0.0.1:3000/dashboard/boards/mobile-strategic-profile:0
[ 5048708ms] [WARNING] The resource http://127.0.0.1:3000/_next/static/css/app/layout.css?v=1785789766464 was preloaded using link preload but not used within a few seconds from the window's load event. Please make sure it has an appropriate `as` value and it is preloaded intentionally. @ http://127.0.0.1:3000/dashboard/boards/mobile-strategic-profile:0
[ 5048708ms] [WARNING] The resource http://127.0.0.1:3000/_next/static/css/app/layout.css?v=1785790135579 was preloaded using link preload but not used within a few seconds from the window's load event. Please make sure it has an appropriate `as` value and it is preloaded intentionally. @ http://127.0.0.1:3000/dashboard/boards/mobile-strategic-profile:0
[ 5109259ms] [WARNING] The resource http://127.0.0.1:3000/_next/static/css/app/layout.css?v=1785789581384 was preloaded using link preload but not used within a few seconds from the window's load event. Please make sure it has an appropriate `as` value and it is preloaded intentionally. @ http://127.0.0.1:3000/dashboard/boards/mobile-strategic-profile:0
[ 5109260ms] [WARNING] The resource http://127.0.0.1:3000/_next/static/css/app/layout.css?v=1785790750444 was preloaded using link preload but not used within a few seconds from the window's load event. Please make sure it has an appropriate `as` value and it is preloaded intentionally. @ http://127.0.0.1:3000/dashboard/boards/mobile-strategic-profile:0
[ 5109260ms] [WARNING] The resource http://127.0.0.1:3000/_next/static/css/app/layout.css?v=1785790686983 was preloaded using link preload but not used within a few seconds from the window's load event. Please make sure it has an appropriate `as` value and it is preloaded intentionally. @ http://127.0.0.1:3000/dashboard/boards/mobile-strategic-profile:0
[ 5109260ms] [WARNING] The resource http://127.0.0.1:3000/_next/static/css/app/layout.css?v=1785789766464 was preloaded using link preload but not used within a few seconds from the window's load event. Please make sure it has an appropriate `as` value and it is preloaded intentionally. @ http://127.0.0.1:3000/dashboard/boards/mobile-strategic-profile:0
[ 5109260ms] [WARNING] The resource http://127.0.0.1:3000/_next/static/css/app/layout.css?v=1785790135579 was preloaded using link preload but not used within a few seconds from the window's load event. Please make sure it has an appropriate `as` value and it is preloaded intentionally. @ http://127.0.0.1:3000/dashboard/boards/mobile-strategic-profile:0
[ 5169816ms] [WARNING] The resource http://127.0.0.1:3000/_next/static/css/app/layout.css?v=1785789581384 was preloaded using link preload but not used within a few seconds from the window's load event. Please make sure it has an appropriate `as` value and it is preloaded intentionally. @ http://127.0.0.1:3000/dashboard/boards/mobile-strategic-profile:0
[ 5169816ms] [WARNING] The resource http://127.0.0.1:3000/_next/static/css/app/layout.css?v=1785790750444 was preloaded using link preload but not used within a few seconds from the window's load event. Please make sure it has an appropriate `as` value and it is preloaded intentionally. @ http://127.0.0.1:3000/dashboard/boards/mobile-strategic-profile:0
[ 5169816ms] [WARNING] The resource http://127.0.0.1:3000/_next/static/css/app/layout.css?v=1785790686983 was preloaded using link preload but not used within a few seconds from the window's load event. Please make sure it has an appropriate `as` value and it is preloaded intentionally. @ http://127.0.0.1:3000/dashboard/boards/mobile-strategic-profile:0
[ 5169816ms] [WARNING] The resource http://127.0.0.1:3000/_next/static/css/app/layout.css?v=1785789766464 was preloaded using link preload but not used within a few seconds from the window's load event. Please make sure it has an appropriate `as` value and it is preloaded intentionally. @ http://127.0.0.1:3000/dashboard/boards/mobile-strategic-profile:0
[ 5169816ms] [WARNING] The resource http://127.0.0.1:3000/_next/static/css/app/layout.css?v=1785790135579 was preloaded using link preload but not used within a few seconds from the window's load event. Please make sure it has an appropriate `as` value and it is preloaded intentionally. @ http://127.0.0.1:3000/dashboard/boards/mobile-strategic-profile:0
[ 5230360ms] [WARNING] The resource http://127.0.0.1:3000/_next/static/css/app/layout.css?v=1785789581384 was preloaded using link preload but not used within a few seconds from the window's load event. Please make sure it has an appropriate `as` value and it is preloaded intentionally. @ http://127.0.0.1:3000/dashboard/boards/mobile-strategic-profile:0
[ 5230361ms] [WARNING] The resource http://127.0.0.1:3000/_next/static/css/app/layout.css?v=1785790750444 was preloaded using link preload but not used within a few seconds from the window's load event. Please make sure it has an appropriate `as` value and it is preloaded intentionally. @ http://127.0.0.1:3000/dashboard/boards/mobile-strategic-profile:0
[ 5230361ms] [WARNING] The resource http://127.0.0.1:3000/_next/static/css/app/layout.css?v=1785790686983 was preloaded using link preload but not used within a few seconds from the window's load event. Please make sure it has an appropriate `as` value and it is preloaded intentionally. @ http://127.0.0.1:3000/dashboard/boards/mobile-strategic-profile:0
[ 5230362ms] [WARNING] The resource http://127.0.0.1:3000/_next/static/css/app/layout.css?v=1785789766464 was preloaded using link preload but not used within a few seconds from the window's load event. Please make sure it has an appropriate `as` value and it is preloaded intentionally. @ http://127.0.0.1:3000/dashboard/boards/mobile-strategic-profile:0
[ 5230362ms] [WARNING] The resource http://127.0.0.1:3000/_next/static/css/app/layout.css?v=1785790135579 was preloaded using link preload but not used within a few seconds from the window's load event. Please make sure it has an appropriate `as` value and it is preloaded intentionally. @ http://127.0.0.1:3000/dashboard/boards/mobile-strategic-profile:0
[ 5290892ms] [WARNING] The resource http://127.0.0.1:3000/_next/static/css/app/layout.css?v=1785789581384 was preloaded using link preload but not used within a few seconds from the window's load event. Please make sure it has an appropriate `as` value and it is preloaded intentionally. @ http://127.0.0.1:3000/dashboard/boards/mobile-strategic-profile:0
[ 5290892ms] [WARNING] The resource http://127.0.0.1:3000/_next/static/css/app/layout.css?v=1785790750444 was preloaded using link preload but not used within a few seconds from the window's load event. Please make sure it has an appropriate `as` value and it is preloaded intentionally. @ http://127.0.0.1:3000/dashboard/boards/mobile-strategic-profile:0
[ 5290892ms] [WARNING] The resource http://127.0.0.1:3000/_next/static/css/app/layout.css?v=1785790686983 was preloaded using link preload but not used within a few seconds from the window's load event. Please make sure it has an appropriate `as` value and it is preloaded intentionally. @ http://127.0.0.1:3000/dashboard/boards/mobile-strategic-profile:0
[ 5290892ms] [WARNING] The resource http://127.0.0.1:3000/_next/static/css/app/layout.css?v=1785789766464 was preloaded using link preload but not used within a few seconds from the window's load event. Please make sure it has an appropriate `as` value and it is preloaded intentionally. @ http://127.0.0.1:3000/dashboard/boards/mobile-strategic-profile:0
[ 5290892ms] [WARNING] The resource http://127.0.0.1:3000/_next/static/css/app/layout.css?v=1785790135579 was preloaded using link preload but not used within a few seconds from the window's load event. Please make sure it has an appropriate `as` value and it is preloaded intentionally. @ http://127.0.0.1:3000/dashboard/boards/mobile-strategic-profile:0
[ 5351421ms] [WARNING] The resource http://127.0.0.1:3000/_next/static/css/app/layout.css?v=1785789581384 was preloaded using link preload but not used within a few seconds from the window's load event. Please make sure it has an appropriate `as` value and it is preloaded intentionally. @ http://127.0.0.1:3000/dashboard/boards/mobile-strategic-profile:0
[ 5351421ms] [WARNING] The resource http://127.0.0.1:3000/_next/static/css/app/layout.css?v=1785790750444 was preloaded using link preload but not used within a few seconds from the window's load event. Please make sure it has an appropriate `as` value and it is preloaded intentionally. @ http://127.0.0.1:3000/dashboard/boards/mobile-strategic-profile:0
[ 5351421ms] [WARNING] The resource http://127.0.0.1:3000/_next/static/css/app/layout.css?v=1785790686983 was preloaded using link preload but not used within a few seconds from the window's load event. Please make sure it has an appropriate `as` value and it is preloaded intentionally. @ http://127.0.0.1:3000/dashboard/boards/mobile-strategic-profile:0
[ 5351421ms] [WARNING] The resource http://127.0.0.1:3000/_next/static/css/app/layout.css?v=1785789766464 was preloaded using link preload but not used within a few seconds from the window's load event. Please make sure it has an appropriate `as` value and it is preloaded intentionally. @ http://127.0.0.1:3000/dashboard/boards/mobile-strategic-profile:0
[ 5351421ms] [WARNING] The resource http://127.0.0.1:3000/_next/static/css/app/layout.css?v=1785790135579 was preloaded using link preload but not used within a few seconds from the window's load event. Please make sure it has an appropriate `as` value and it is preloaded intentionally. @ http://127.0.0.1:3000/dashboard/boards/mobile-strategic-profile:0
[ 5411961ms] [WARNING] The resource http://127.0.0.1:3000/_next/static/css/app/layout.css?v=1785789581384 was preloaded using link preload but not used within a few seconds from the window's load event. Please make sure it has an appropriate `as` value and it is preloaded intentionally. @ http://127.0.0.1:3000/dashboard/boards/mobile-strategic-profile:0
[ 5411961ms] [WARNING] The resource http://127.0.0.1:3000/_next/static/css/app/layout.css?v=1785790750444 was preloaded using link preload but not used within a few seconds from the window's load event. Please make sure it has an appropriate `as` value and it is preloaded intentionally. @ http://127.0.0.1:3000/dashboard/boards/mobile-strategic-profile:0
[ 5411962ms] [WARNING] The resource http://127.0.0.1:3000/_next/static/css/app/layout.css?v=1785790686983 was preloaded using link preload but not used within a few seconds from the window's load event. Please make sure it has an appropriate `as` value and it is preloaded intentionally. @ http://127.0.0.1:3000/dashboard/boards/mobile-strategic-profile:0
[ 5411962ms] [WARNING] The resource http://127.0.0.1:3000/_next/static/css/app/layout.css?v=1785789766464 was preloaded using link preload but not used within a few seconds from the window's load event. Please make sure it has an appropriate `as` value and it is preloaded intentionally. @ http://127.0.0.1:3000/dashboard/boards/mobile-strategic-profile:0
[ 5411962ms] [WARNING] The resource http://127.0.0.1:3000/_next/static/css/app/layout.css?v=1785790135579 was preloaded using link preload but not used within a few seconds from the window's load event. Please make sure it has an appropriate `as` value and it is preloaded intentionally. @ http://127.0.0.1:3000/dashboard/boards/mobile-strategic-profile:0
[ 5472509ms] [WARNING] The resource http://127.0.0.1:3000/_next/static/css/app/layout.css?v=1785789581384 was preloaded using link preload but not used within a few seconds from the window's load event. Please make sure it has an appropriate `as` value and it is preloaded intentionally. @ http://127.0.0.1:3000/dashboard/boards/mobile-strategic-profile:0
[ 5472509ms] [WARNING] The resource http://127.0.0.1:3000/_next/static/css/app/layout.css?v=1785790750444 was preloaded using link preload but not used within a few seconds from the window's load event. Please make sure it has an appropriate `as` value and it is preloaded intentionally. @ http://127.0.0.1:3000/dashboard/boards/mobile-strategic-profile:0
[ 5472509ms] [WARNING] The resource http://127.0.0.1:3000/_next/static/css/app/layout.css?v=1785790686983 was preloaded using link preload but not used within a few seconds from the window's load event. Please make sure it has an appropriate `as` value and it is preloaded intentionally. @ http://127.0.0.1:3000/dashboard/boards/mobile-strategic-profile:0
[ 5472509ms] [WARNING] The resource http://127.0.0.1:3000/_next/static/css/app/layout.css?v=1785789766464 was preloaded using link preload but not used within a few seconds from the window's load event. Please make sure it has an appropriate `as` value and it is preloaded intentionally. @ http://127.0.0.1:3000/dashboard/boards/mobile-strategic-profile:0
[ 5472509ms] [WARNING] The resource http://127.0.0.1:3000/_next/static/css/app/layout.css?v=1785790135579 was preloaded using link preload but not used within a few seconds from the window's load event. Please make sure it has an appropriate `as` value and it is preloaded intentionally. @ http://127.0.0.1:3000/dashboard/boards/mobile-strategic-profile:0
[ 5533059ms] [WARNING] The resource http://127.0.0.1:3000/_next/static/css/app/layout.css?v=1785789581384 was preloaded using link preload but not used within a few seconds from the window's load event. Please make sure it has an appropriate `as` value and it is preloaded intentionally. @ http://127.0.0.1:3000/dashboard/boards/mobile-strategic-profile:0
[ 5533060ms] [WARNING] The resource http://127.0.0.1:3000/_next/static/css/app/layout.css?v=1785790750444 was preloaded using link preload but not used within a few seconds from the window's load event. Please make sure it has an appropriate `as` value and it is preloaded intentionally. @ http://127.0.0.1:3000/dashboard/boards/mobile-strategic-profile:0
[ 5533060ms] [WARNING] The resource http://127.0.0.1:3000/_next/static/css/app/layout.css?v=1785790686983 was preloaded using link preload but not used within a few seconds from the window's load event. Please make sure it has an appropriate `as` value and it is preloaded intentionally. @ http://127.0.0.1:3000/dashboard/boards/mobile-strategic-profile:0
[ 5533060ms] [WARNING] The resource http://127.0.0.1:3000/_next/static/css/app/layout.css?v=1785789766464 was preloaded using link preload but not used within a few seconds from the window's load event. Please make sure it has an appropriate `as` value and it is preloaded intentionally. @ http://127.0.0.1:3000/dashboard/boards/mobile-strategic-profile:0
[ 5533060ms] [WARNING] The resource http://127.0.0.1:3000/_next/static/css/app/layout.css?v=1785790135579 was preloaded using link preload but not used within a few seconds from the window's load event. Please make sure it has an appropriate `as` value and it is preloaded intentionally. @ http://127.0.0.1:3000/dashboard/boards/mobile-strategic-profile:0
[ 5593820ms] [WARNING] The resource http://127.0.0.1:3000/_next/static/css/app/layout.css?v=1785789581384 was preloaded using link preload but not used within a few seconds from the window's load event. Please make sure it has an appropriate `as` value and it is preloaded intentionally. @ http://127.0.0.1:3000/dashboard/boards/mobile-strategic-profile:0
[ 5593820ms] [WARNING] The resource http://127.0.0.1:3000/_next/static/css/app/layout.css?v=1785790750444 was preloaded using link preload but not used within a few seconds from the window's load event. Please make sure it has an appropriate `as` value and it is preloaded intentionally. @ http://127.0.0.1:3000/dashboard/boards/mobile-strategic-profile:0
[ 5593820ms] [WARNING] The resource http://127.0.0.1:3000/_next/static/css/app/layout.css?v=1785790686983 was preloaded using link preload but not used within a few seconds from the window's load event. Please make sure it has an appropriate `as` value and it is preloaded intentionally. @ http://127.0.0.1:3000/dashboard/boards/mobile-strategic-profile:0
[ 5593820ms] [WARNING] The resource http://127.0.0.1:3000/_next/static/css/app/layout.css?v=1785789766464 was preloaded using link preload but not used within a few seconds from the window's load event. Please make sure it has an appropriate `as` value and it is preloaded intentionally. @ http://127.0.0.1:3000/dashboard/boards/mobile-strategic-profile:0
[ 5593820ms] [WARNING] The resource http://127.0.0.1:3000/_next/static/css/app/layout.css?v=1785790135579 was preloaded using link preload but not used within a few seconds from the window's load event. Please make sure it has an appropriate `as` value and it is preloaded intentionally. @ http://127.0.0.1:3000/dashboard/boards/mobile-strategic-profile:0
[ 5654366ms] [WARNING] The resource http://127.0.0.1:3000/_next/static/css/app/layout.css?v=1785789581384 was preloaded using link preload but not used within a few seconds from the window's load event. Please make sure it has an appropriate `as` value and it is preloaded intentionally. @ http://127.0.0.1:3000/dashboard/boards/mobile-strategic-profile:0
[ 5654366ms] [WARNING] The resource http://127.0.0.1:3000/_next/static/css/app/layout.css?v=1785790750444 was preloaded using link preload but not used within a few seconds from the window's load event. Please make sure it has an appropriate `as` value and it is preloaded intentionally. @ http://127.0.0.1:3000/dashboard/boards/mobile-strategic-profile:0
[ 5654366ms] [WARNING] The resource http://127.0.0.1:3000/_next/static/css/app/layout.css?v=1785790686983 was preloaded using link preload but not used within a few seconds from the window's load event. Please make sure it has an appropriate `as` value and it is preloaded intentionally. @ http://127.0.0.1:3000/dashboard/boards/mobile-strategic-profile:0
[ 5654366ms] [WARNING] The resource http://127.0.0.1:3000/_next/static/css/app/layout.css?v=1785789766464 was preloaded using link preload but not used within a few seconds from the window's load event. Please make sure it has an appropriate `as` value and it is preloaded intentionally. @ http://127.0.0.1:3000/dashboard/boards/mobile-strategic-profile:0
[ 5654366ms] [WARNING] The resource http://127.0.0.1:3000/_next/static/css/app/layout.css?v=1785790135579 was preloaded using link preload but not used within a few seconds from the window's load event. Please make sure it has an appropriate `as` value and it is preloaded intentionally. @ http://127.0.0.1:3000/dashboard/boards/mobile-strategic-profile:0
[ 5714915ms] [WARNING] The resource http://127.0.0.1:3000/_next/static/css/app/layout.css?v=1785789581384 was preloaded using link preload but not used within a few seconds from the window's load event. Please make sure it has an appropriate `as` value and it is preloaded intentionally. @ http://127.0.0.1:3000/dashboard/boards/mobile-strategic-profile:0
[ 5714916ms] [WARNING] The resource http://127.0.0.1:3000/_next/static/css/app/layout.css?v=1785790750444 was preloaded using link preload but not used within a few seconds from the window's load event. Please make sure it has an appropriate `as` value and it is preloaded intentionally. @ http://127.0.0.1:3000/dashboard/boards/mobile-strategic-profile:0
[ 5714916ms] [WARNING] The resource http://127.0.0.1:3000/_next/static/css/app/layout.css?v=1785790686983 was preloaded using link preload but not used within a few seconds from the window's load event. Please make sure it has an appropriate `as` value and it is preloaded intentionally. @ http://127.0.0.1:3000/dashboard/boards/mobile-strategic-profile:0
[ 5714916ms] [WARNING] The resource http://127.0.0.1:3000/_next/static/css/app/layout.css?v=1785789766464 was preloaded using link preload but not used within a few seconds from the window's load event. Please make sure it has an appropriate `as` value and it is preloaded intentionally. @ http://127.0.0.1:3000/dashboard/boards/mobile-strategic-profile:0
[ 5714916ms] [WARNING] The resource http://127.0.0.1:3000/_next/static/css/app/layout.css?v=1785790135579 was preloaded using link preload but not used within a few seconds from the window's load event. Please make sure it has an appropriate `as` value and it is preloaded intentionally. @ http://127.0.0.1:3000/dashboard/boards/mobile-strategic-profile:0
[ 5775503ms] [WARNING] The resource http://127.0.0.1:3000/_next/static/css/app/layout.css?v=1785789581384 was preloaded using link preload but not used within a few seconds from the window's load event. Please make sure it has an appropriate `as` value and it is preloaded intentionally. @ http://127.0.0.1:3000/dashboard/boards/mobile-strategic-profile:0
[ 5775503ms] [WARNING] The resource http://127.0.0.1:3000/_next/static/css/app/layout.css?v=1785790750444 was preloaded using link preload but not used within a few seconds from the window's load event. Please make sure it has an appropriate `as` value and it is preloaded intentionally. @ http://127.0.0.1:3000/dashboard/boards/mobile-strategic-profile:0
[ 5775503ms] [WARNING] The resource http://127.0.0.1:3000/_next/static/css/app/layout.css?v=1785790686983 was preloaded using link preload but not used within a few seconds from the window's load event. Please make sure it has an appropriate `as` value and it is preloaded intentionally. @ http://127.0.0.1:3000/dashboard/boards/mobile-strategic-profile:0
[ 5775503ms] [WARNING] The resource http://127.0.0.1:3000/_next/static/css/app/layout.css?v=1785789766464 was preloaded using link preload but not used within a few seconds from the window's load event. Please make sure it has an appropriate `as` value and it is preloaded intentionally. @ http://127.0.0.1:3000/dashboard/boards/mobile-strategic-profile:0
[ 5775503ms] [WARNING] The resource http://127.0.0.1:3000/_next/static/css/app/layout.css?v=1785790135579 was preloaded using link preload but not used within a few seconds from the window's load event. Please make sure it has an appropriate `as` value and it is preloaded intentionally. @ http://127.0.0.1:3000/dashboard/boards/mobile-strategic-profile:0
[ 5836087ms] [WARNING] The resource http://127.0.0.1:3000/_next/static/css/app/layout.css?v=1785789581384 was preloaded using link preload but not used within a few seconds from the window's load event. Please make sure it has an appropriate `as` value and it is preloaded intentionally. @ http://127.0.0.1:3000/dashboard/boards/mobile-strategic-profile:0
[ 5836087ms] [WARNING] The resource http://127.0.0.1:3000/_next/static/css/app/layout.css?v=1785790750444 was preloaded using link preload but not used within a few seconds from the window's load event. Please make sure it has an appropriate `as` value and it is preloaded intentionally. @ http://127.0.0.1:3000/dashboard/boards/mobile-strategic-profile:0
[ 5836087ms] [WARNING] The resource http://127.0.0.1:3000/_next/static/css/app/layout.css?v=1785790686983 was preloaded using link preload but not used within a few seconds from the window's load event. Please make sure it has an appropriate `as` value and it is preloaded intentionally. @ http://127.0.0.1:3000/dashboard/boards/mobile-strategic-profile:0
[ 5836088ms] [WARNING] The resource http://127.0.0.1:3000/_next/static/css/app/layout.css?v=1785789766464 was preloaded using link preload but not used within a few seconds from the window's load event. Please make sure it has an appropriate `as` value and it is preloaded intentionally. @ http://127.0.0.1:3000/dashboard/boards/mobile-strategic-profile:0
[ 5836088ms] [WARNING] The resource http://127.0.0.1:3000/_next/static/css/app/layout.css?v=1785790135579 was preloaded using link preload but not used within a few seconds from the window's load event. Please make sure it has an appropriate `as` value and it is preloaded intentionally. @ http://127.0.0.1:3000/dashboard/boards/mobile-strategic-profile:0
[ 5894230ms] [ERROR] Failed to load resource: the server responded with a status of 500 (Internal Server Error) @ http://127.0.0.1:3000/api/dashboard/notifications/badges?reviewsLimit=50:0
[ 5956511ms] [ERROR] Failed to load resource: the server responded with a status of 500 (Internal Server Error) @ http://127.0.0.1:3000/api/dashboard/notifications/badges?reviewsLimit=50:0
[ 6019975ms] [WARNING] The resource http://127.0.0.1:3000/_next/static/css/app/layout.css?v=1785789581384 was preloaded using link preload but not used within a few seconds from the window's load event. Please make sure it has an appropriate `as` value and it is preloaded intentionally. @ http://127.0.0.1:3000/dashboard/boards/mobile-strategic-profile:0
[ 6019976ms] [WARNING] The resource http://127.0.0.1:3000/_next/static/css/app/layout.css?v=1785790750444 was preloaded using link preload but not used within a few seconds from the window's load event. Please make sure it has an appropriate `as` value and it is preloaded intentionally. @ http://127.0.0.1:3000/dashboard/boards/mobile-strategic-profile:0
[ 6019976ms] [WARNING] The resource http://127.0.0.1:3000/_next/static/css/app/layout.css?v=1785790686983 was preloaded using link preload but not used within a few seconds from the window's load event. Please make sure it has an appropriate `as` value and it is preloaded intentionally. @ http://127.0.0.1:3000/dashboard/boards/mobile-strategic-profile:0
[ 6019976ms] [WARNING] The resource http://127.0.0.1:3000/_next/static/css/app/layout.css?v=1785789766464 was preloaded using link preload but not used within a few seconds from the window's load event. Please make sure it has an appropriate `as` value and it is preloaded intentionally. @ http://127.0.0.1:3000/dashboard/boards/mobile-strategic-profile:0
[ 6019976ms] [WARNING] The resource http://127.0.0.1:3000/_next/static/css/app/layout.css?v=1785790135579 was preloaded using link preload but not used within a few seconds from the window's load event. Please make sure it has an appropriate `as` value and it is preloaded intentionally. @ http://127.0.0.1:3000/dashboard/boards/mobile-strategic-profile:0
[ 6079600ms] [ERROR] Failed to load resource: the server responded with a status of 500 (Internal Server Error) @ http://127.0.0.1:3000/api/dashboard/notifications/badges?reviewsLimit=50:0
[ 6140158ms] [ERROR] Failed to load resource: the server responded with a status of 500 (Internal Server Error) @ http://127.0.0.1:3000/api/dashboard/notifications/badges?reviewsLimit=50:0
[ 6203863ms] [WARNING] The resource http://127.0.0.1:3000/_next/static/css/app/layout.css?v=1785789581384 was preloaded using link preload but not used within a few seconds from the window's load event. Please make sure it has an appropriate `as` value and it is preloaded intentionally. @ http://127.0.0.1:3000/dashboard/boards/mobile-strategic-profile:0
[ 6203864ms] [WARNING] The resource http://127.0.0.1:3000/_next/static/css/app/layout.css?v=1785790750444 was preloaded using link preload but not used within a few seconds from the window's load event. Please make sure it has an appropriate `as` value and it is preloaded intentionally. @ http://127.0.0.1:3000/dashboard/boards/mobile-strategic-profile:0
[ 6203864ms] [WARNING] The resource http://127.0.0.1:3000/_next/static/css/app/layout.css?v=1785790686983 was preloaded using link preload but not used within a few seconds from the window's load event. Please make sure it has an appropriate `as` value and it is preloaded intentionally. @ http://127.0.0.1:3000/dashboard/boards/mobile-strategic-profile:0
[ 6203864ms] [WARNING] The resource http://127.0.0.1:3000/_next/static/css/app/layout.css?v=1785789766464 was preloaded using link preload but not used within a few seconds from the window's load event. Please make sure it has an appropriate `as` value and it is preloaded intentionally. @ http://127.0.0.1:3000/dashboard/boards/mobile-strategic-profile:0
[ 6203864ms] [WARNING] The resource http://127.0.0.1:3000/_next/static/css/app/layout.css?v=1785790135579 was preloaded using link preload but not used within a few seconds from the window's load event. Please make sure it has an appropriate `as` value and it is preloaded intentionally. @ http://127.0.0.1:3000/dashboard/boards/mobile-strategic-profile:0
